Entity,Code,Year,"Literacy rate, adult total (% of people ages 15 and above)"
Afghanistan,AFG,1979,18.15768051
Afghanistan,AFG,2011,31.44885063
Afghanistan,AFG,2018,43.01971817
Albania,ALB,2001,98.71298218
Albania,ALB,2008,95.93863678
Albania,ALB,2011,96.84529877
Albania,ALB,2012,97.24697113
Albania,ALB,2018,98.14115143
Algeria,DZA,1987,49.63087845
Algeria,DZA,2002,69.87349701
Algeria,DZA,2006,72.64868164
Algeria,DZA,2008,75.13604736
Algeria,DZA,2018,81.40783691
American Samoa,ASM,1980,97.34416199
Angola,AGO,2001,67.4054184
Angola,AGO,2014,66.03011322
Antigua and Barbuda,ATG,2001,98.94999695
Antigua and Barbuda,ATG,2011,98.94999695
Antigua and Barbuda,ATG,2015,98.94999695
Arab World,,1977,44.90296936
Arab World,,1978,45.26824188
Arab World,,1979,45.6868782
Arab World,,1980,46.20201874
Arab World,,1981,46.76898956
Arab World,,1982,47.41513062
Arab World,,1983,47.62678146
Arab World,,1984,48.47256851
Arab World,,1985,49.32794189
Arab World,,1986,50.30286026
Arab World,,1987,50.8902092
Arab World,,1988,51.87934113
Arab World,,1989,52.78355026
Arab World,,1990,53.75408936
Arab World,,1991,54.85839081
Arab World,,1992,55.79608917
Arab World,,1993,56.51779938
Arab World,,1994,57.35206985
Arab World,,1995,58.33942032
Arab World,,1996,59.80857086
Arab World,,1997,60.54454041
Arab World,,1998,61.72372055
Arab World,,1999,62.75603104
Arab World,,2000,63.68452835
Arab World,,2001,64.8777771
Arab World,,2002,66.04557037
Arab World,,2003,68.68773651
Arab World,,2004,69.63665771
Arab World,,2005,69.21839905
Arab World,,2006,68.13700867
Arab World,,2007,68.62271881
Arab World,,2008,69.62151337
Arab World,,2009,68.30744934
Arab World,,2010,69.24862671
Arab World,,2011,71.06060791
Arab World,,2012,74.43569183
Arab World,,2013,74.0435791
Arab World,,2014,75.71389008
Arab World,,2015,73.49938965
Arab World,,2016,74.84079742
Arab World,,2017,75.76682281
Arab World,,2018,72.86908722
Arab World,,2019,73.11425018
Argentina,ARG,1980,93.91285706
Argentina,ARG,1991,96.04071808
Argentina,ARG,2001,97.1933136
Argentina,ARG,2006,98.6108017
Argentina,ARG,2009,98.98342133
Argentina,ARG,2010,98.95497131
Argentina,ARG,2011,99.10832977
Argentina,ARG,2012,99.10523224
Argentina,ARG,2013,99.12194824
Argentina,ARG,2014,98.99388885
Argentina,ARG,2015,99.17996216
Argentina,ARG,2016,99.12500763
Argentina,ARG,2018,99.0038681
Armenia,ARM,1989,98.75196075
Armenia,ARM,2001,99.40016174
Armenia,ARM,2011,99.74440765
Armenia,ARM,2017,99.73606873
Aruba,ABW,2000,97.29125214
Aruba,ABW,2010,96.82263947
Aruba,ABW,2018,97.80741882
Azerbaijan,AZE,1999,98.79180145
Azerbaijan,AZE,2007,99.59319305
Azerbaijan,AZE,2009,99.75984192
Azerbaijan,AZE,2010,99.77114105
Azerbaijan,AZE,2011,99.77863312
Azerbaijan,AZE,2012,99.77577209
Azerbaijan,AZE,2013,99.78936005
Azerbaijan,AZE,2014,99.78898621
Azerbaijan,AZE,2015,99.78806305
Azerbaijan,AZE,2016,99.79006195
Azerbaijan,AZE,2017,99.79122925
Bahrain,BHR,1981,69.75350952
Bahrain,BHR,1991,84.01383209
Bahrain,BHR,2001,86.54873657
Bahrain,BHR,2010,90.97740173
Bahrain,BHR,2016,97.06668091
Bahrain,BHR,2017,97.40389252
Bahrain,BHR,2018,97.46418762
Bangladesh,BGD,1981,29.22723007
Bangladesh,BGD,1991,35.31930161
Bangladesh,BGD,2001,47.48550034
Bangladesh,BGD,2007,46.66360092
Bangladesh,BGD,2011,58.7691803
Bangladesh,BGD,2012,57.86074829
Bangladesh,BGD,2013,61.01554108
Bangladesh,BGD,2014,61.09329987
Bangladesh,BGD,2015,65.1373291
Bangladesh,BGD,2016,72.7587204
Bangladesh,BGD,2017,72.89296722
Bangladesh,BGD,2018,73.91220093
Bangladesh,BGD,2019,74.6844635
Barbados,BRB,1970,99.26808167
Barbados,BRB,1984,99.59999847
Barbados,BRB,1994,99.59999847
Barbados,BRB,2004,99.59999847
Barbados,BRB,2014,99.59999847
Belarus,BLR,1989,97.88336945
Belarus,BLR,1999,99.59072876
Belarus,BLR,2009,99.6170578
Belarus,BLR,2018,99.75656128
Belize,BLZ,1991,70.29842377
Belize,BLZ,2000,76.90297699
Benin,BEN,1979,16.48273087
Benin,BEN,1992,27.24517059
Benin,BEN,2002,34.65784836
Benin,BEN,2006,28.70211029
Benin,BEN,2012,32.94881821
Benin,BEN,2018,42.36240005
Bhutan,BTN,2005,52.81468964
Bhutan,BTN,2012,55.31755829
Bhutan,BTN,2017,66.5611496
Bolivia,BOL,1976,63.20814896
Bolivia,BOL,1992,79.99176788
Bolivia,BOL,2001,86.72367096
Bolivia,BOL,2007,90.74346924
Bolivia,BOL,2008,90.69811249
Bolivia,BOL,2009,91.16783142
Bolivia,BOL,2011,92.22615051
Bolivia,BOL,2012,94.46057129
Bolivia,BOL,2015,92.45507813
Bosnia and Herzegovina,BIH,1991,89.063591
Bosnia and Herzegovina,BIH,2000,96.6631012
Bosnia and Herzegovina,BIH,2011,98.14203644
Bosnia and Herzegovina,BIH,2013,96.99176788
Botswana,BWA,1991,68.58090973
Botswana,BWA,2003,81.18871307
Botswana,BWA,2013,86.82318115
Brazil,BRA,1980,74.58673096
Brazil,BRA,2000,86.36788177
Brazil,BRA,2004,88.61624146
Brazil,BRA,2006,89.61522675
Brazil,BRA,2007,90.0093689
Brazil,BRA,2008,90.03662109
Brazil,BRA,2009,90.29821014
Brazil,BRA,2010,90.37918091
Brazil,BRA,2011,91.41123962
Brazil,BRA,2012,91.33785248
Brazil,BRA,2013,91.48423767
Brazil,BRA,2014,91.72943115
Brazil,BRA,2015,92.04789734
Brazil,BRA,2016,92.80844116
Brazil,BRA,2017,93.07582092
Brazil,BRA,2018,93.22750092
Brunei,BRN,1981,77.73549652
Brunei,BRN,1991,87.80417633
Brunei,BRN,2001,92.67112732
Brunei,BRN,2011,96.08556366
Brunei,BRN,2018,97.21411133
Bulgaria,BGR,2001,98.20355988
Bulgaria,BGR,2011,98.35244751
Burkina Faso,BFA,1975,8.830229759
Burkina Faso,BFA,1991,13.56923008
Burkina Faso,BFA,1996,12.84817028
Burkina Faso,BFA,2003,21.82291985
Burkina Faso,BFA,2005,23.52219963
Burkina Faso,BFA,2006,22.47257996
Burkina Faso,BFA,2007,28.29365921
Burkina Faso,BFA,2014,34.59939957
Burkina Faso,BFA,2018,41.22444916
Burundi,BDI,1979,22.50855064
Burundi,BDI,1990,37.38471985
Burundi,BDI,2000,59.30361938
Burundi,BDI,2008,48.08406067
Burundi,BDI,2014,61.51348877
Burundi,BDI,2017,68.37532806
Cambodia,KHM,1998,67.3350296
Cambodia,KHM,2004,73.6099472
Cambodia,KHM,2008,76.87129211
Cambodia,KHM,2009,76.13796234
Cambodia,KHM,2014,78.05509186
Cambodia,KHM,2015,80.52648926
Cameroon,CMR,1976,41.21620941
Cameroon,CMR,2000,68.4091568
Cameroon,CMR,2007,70.67993927
Cameroon,CMR,2010,71.29051208
Cameroon,CMR,2018,77.07103729
Cape Verde,CPV,1990,62.79685974
Cape Verde,CPV,2000,76.11044312
Cape Verde,CPV,2012,85.32778931
Cape Verde,CPV,2015,86.79029083
Caribbean Small States,,1993,86.24558258
Caribbean Small States,,1994,86.29176331
Caribbean Small States,,1995,86.55709839
Caribbean Small States,,1996,86.80339813
Caribbean Small States,,1997,87.05030823
Caribbean Small States,,1998,87.41764069
Caribbean Small States,,1999,87.09928131
Caribbean Small States,,2000,87.92160797
Caribbean Small States,,2001,88.22428894
Caribbean Small States,,2002,88.51087189
Caribbean Small States,,2003,88.78546906
Caribbean Small States,,2004,89.06015778
Caribbean Small States,,2005,89.36508942
Caribbean Small States,,2006,89.55641174
Caribbean Small States,,2007,90.15712738
Caribbean Small States,,2008,90.41947174
Caribbean Small States,,2009,90.64427185
Caribbean Small States,,2010,90.88845825
Caribbean Small States,,2011,91.08869171
Caribbean Small States,,2012,91.10729218
Caribbean Small States,,2013,91.1765213
Caribbean Small States,,2014,91.34947968
Caribbean Small States,,2015,91.44355774
Cayman Islands,CYM,2007,98.86782074
Central African Republic,CAF,1975,18.23616982
Central African Republic,CAF,1988,33.62442017
Central African Republic,CAF,2000,50.6451683
Central African Republic,CAF,2010,36.75260925
Central African Republic,CAF,2018,37.39582062
Central Europe and the Baltics,,1982,98.00388336
Central Europe and the Baltics,,1983,98.02351379
Central Europe and the Baltics,,1984,98.05581665
Central Europe and the Baltics,,1985,98.08393097
Central Europe and the Baltics,,1986,98.1059494
Central Europe and the Baltics,,1987,98.13894653
Central Europe and the Baltics,,1988,98.03511047
Central Europe and the Baltics,,1989,98.09120178
Central Europe and the Baltics,,1990,98.15035248
Central Europe and the Baltics,,1991,98.19670868
Central Europe and the Baltics,,1992,98.24694824
Central Europe and the Baltics,,1993,98.28845978
Central Europe and the Baltics,,1994,98.334198
Central Europe and the Baltics,,1995,98.37982178
Central Europe and the Baltics,,1996,98.41950989
Central Europe and the Baltics,,1997,98.4586792
Central Europe and the Baltics,,1998,98.5430069
Central Europe and the Baltics,,1999,98.47322845
Central Europe and the Baltics,,2000,98.5088501
Central Europe and the Baltics,,2001,98.53581238
Central Europe and the Baltics,,2002,98.56584167
Central Europe and the Baltics,,2003,98.58244324
Central Europe and the Baltics,,2004,98.60523224
Central Europe and the Baltics,,2005,98.62796783
Central Europe and the Baltics,,2006,98.63562775
Central Europe and the Baltics,,2007,98.65406036
Central Europe and the Baltics,,2008,98.69184875
Central Europe and the Baltics,,2009,98.8988266
Central Europe and the Baltics,,2010,98.91722107
Central Europe and the Baltics,,2011,98.93424988
Central Europe and the Baltics,,2012,98.94538879
Central Europe and the Baltics,,2013,98.95433807
Central Europe and the Baltics,,2014,98.96629333
Central Europe and the Baltics,,2015,98.9777298
Central Europe and the Baltics,,2016,98.99102783
Chad,TCD,1993,10.89465046
Chad,TCD,2000,25.65420914
Chad,TCD,2004,28.38142967
Chad,TCD,2015,26.00299072
Chad,TCD,2016,22.31155014
Chile,CHL,1982,91.12840271
Chile,CHL,1992,94.2911377
Chile,CHL,2002,95.7166214
Chile,CHL,2008,97.72245026
Chile,CHL,2009,97.66423035
Chile,CHL,2010,96.81860352
Chile,CHL,2011,96.70301056
Chile,CHL,2013,96.26705933
Chile,CHL,2015,96.87413025
Chile,CHL,2017,96.40228271
China,CHN,1982,65.50508881
China,CHN,1990,77.78505707
China,CHN,2000,90.92021179
China,CHN,2010,95.1244812
China,CHN,2018,96.84088898
Colombia,COL,1993,91.06308746
Colombia,COL,1996,91.20716095
Colombia,COL,2004,92.8037796
Colombia,COL,2005,92.84866333
Colombia,COL,2006,92.29968262
Colombia,COL,2007,92.6517868
Colombia,COL,2008,93.37818146
Colombia,COL,2009,93.24468994
Colombia,COL,2010,93.37232971
Colombia,COL,2011,93.58052826
Colombia,COL,2014,94.18624878
Colombia,COL,2015,94.24504852
Colombia,COL,2016,94.65384674
Colombia,COL,2018,95.09250641
Comoros,COM,1980,47.91923141
Comoros,COM,2000,68.48922729
Comoros,COM,2012,49.19614029
Comoros,COM,2018,58.81702042
Congo,COG,1984,59.61912155
Congo,COG,2005,76.11479187
Congo,COG,2011,79.31117249
Congo,COG,2018,80.29875946
Costa Rica,CRI,1984,92.62904358
Costa Rica,CRI,2000,94.86818695
Costa Rica,CRI,2011,97.40657806
Costa Rica,CRI,2018,97.86379242
Cote d'Ivoire,CIV,1988,34.13927841
Cote d'Ivoire,CIV,1998,36.3502388
Cote d'Ivoire,CIV,2000,48.7407608
Cote d'Ivoire,CIV,2012,40.98162842
Cote d'Ivoire,CIV,2014,43.90842056
Cote d'Ivoire,CIV,2018,47.16535187
Croatia,HRV,1991,96.70155334
Croatia,HRV,2001,98.14668274
Croatia,HRV,2011,99.12535858
Cuba,CUB,1981,97.84664917
Cuba,CUB,2002,99.79907227
Cuba,CUB,2012,99.75253296
Cyprus,CYP,1992,94.36247253
Cyprus,CYP,2001,96.80362701
Cyprus,CYP,2011,98.67842865
Czechia,CZE,2016,99.8330307
Democratic Republic of Congo,COD,2001,67.17298889
Democratic Republic of Congo,COD,2007,61.20555115
Democratic Republic of Congo,COD,2012,75.01718903
Democratic Republic of Congo,COD,2016,77.04267883
Dominican Republic,DOM,1981,73.06456757
Dominican Republic,DOM,2002,86.99646759
Dominican Republic,DOM,2007,88.24446106
Dominican Republic,DOM,2010,89.53872681
Dominican Republic,DOM,2011,90.10637665
Dominican Republic,DOM,2012,90.15518188
Dominican Republic,DOM,2013,90.85814667
Dominican Republic,DOM,2014,91.76376343
Dominican Republic,DOM,2015,91.99121094
Dominican Republic,DOM,2016,93.77845764
Early-demographic dividend,,1975,48.84733963
Early-demographic dividend,,1976,49.08456039
Early-demographic dividend,,1977,49.72158051
Early-demographic dividend,,1978,50.35351181
Early-demographic dividend,,1979,50.95872116
Early-demographic dividend,,1980,51.04605865
Early-demographic dividend,,1981,51.82677841
Early-demographic dividend,,1982,52.79489899
Early-demographic dividend,,1983,53.41555023
Early-demographic dividend,,1984,54.21192169
Early-demographic dividend,,1985,54.86669922
Early-demographic dividend,,1986,55.49726868
Early-demographic dividend,,1987,56.38531876
Early-demographic dividend,,1988,57.12329102
Early-demographic dividend,,1989,57.80435181
Early-demographic dividend,,1990,58.65625
Early-demographic dividend,,1991,59.1379509
Early-demographic dividend,,1992,60.16296005
Early-demographic dividend,,1993,60.94897842
Early-demographic dividend,,1994,61.74475098
Early-demographic dividend,,1995,62.53831863
Early-demographic dividend,,1996,63.27360153
Early-demographic dividend,,1997,63.93400955
Early-demographic dividend,,1998,66.96092224
Early-demographic dividend,,1999,67.57360077
Early-demographic dividend,,2000,68.25022125
Early-demographic dividend,,2001,68.67855835
Early-demographic dividend,,2002,69.37242889
Early-demographic dividend,,2003,70.40444183
Early-demographic dividend,,2004,71.19389343
Early-demographic dividend,,2005,70.98648071
Early-demographic dividend,,2006,71.24601746
Early-demographic dividend,,2007,72.05181885
Early-demographic dividend,,2008,73.28067017
Early-demographic dividend,,2009,74.14257813
Early-demographic dividend,,2010,75.28292084
Early-demographic dividend,,2011,75.28800201
Early-demographic dividend,,2012,75.91931915
Early-demographic dividend,,2013,76.42189789
Early-demographic dividend,,2014,77.23737335
Early-demographic dividend,,2015,77.95578003
Early-demographic dividend,,2016,78.57810211
Early-demographic dividend,,2017,79.01699829
Early-demographic dividend,,2018,79.35413361
Early-demographic dividend,,2019,79.84098816
East Asia & Pacific,,1976,65.94049072
East Asia & Pacific,,1977,66.13179016
East Asia & Pacific,,1978,67.1467514
East Asia & Pacific,,1979,68.14903259
East Asia & Pacific,,1980,68.64389038
East Asia & Pacific,,1981,70.21549225
East Asia & Pacific,,1982,70.95320892
East Asia & Pacific,,1983,72.12058258
East Asia & Pacific,,1984,73.06336212
East Asia & Pacific,,1985,73.96933746
East Asia & Pacific,,1986,74.76786804
East Asia & Pacific,,1987,75.94204712
East Asia & Pacific,,1988,79.85410309
East Asia & Pacific,,1989,80.50235748
East Asia & Pacific,,1990,80.41243744
East Asia & Pacific,,1991,81.63424683
East Asia & Pacific,,1992,82.16195679
East Asia & Pacific,,1993,82.64431
East Asia & Pacific,,1994,83.21573639
East Asia & Pacific,,1995,83.77915192
East Asia & Pacific,,1996,84.27192688
East Asia & Pacific,,1997,89.32095337
East Asia & Pacific,,1998,89.67198944
East Asia & Pacific,,1999,90.02174377
East Asia & Pacific,,2000,90.3138504
East Asia & Pacific,,2001,90.73947906
East Asia & Pacific,,2002,91.12373352
East Asia & Pacific,,2003,91.51486969
East Asia & Pacific,,2004,91.86685181
East Asia & Pacific,,2005,92.24868774
East Asia & Pacific,,2006,92.67111206
East Asia & Pacific,,2007,93.66002655
East Asia & Pacific,,2008,93.9256897
East Asia & Pacific,,2009,94.2469101
East Asia & Pacific,,2010,94.26799011
East Asia & Pacific,,2011,94.07524109
East Asia & Pacific,,2012,94.31336212
East Asia & Pacific,,2013,94.42037201
East Asia & Pacific,,2014,94.91773224
East Asia & Pacific,,2015,95.13826752
East Asia & Pacific,,2016,95.275383
East Asia & Pacific,,2017,95.47142792
East Asia & Pacific,,2018,95.62532043
East Asia & Pacific,,2019,95.7740097
East Asia & Pacific (IDA & IBRD),,1976,63.33604813
East Asia & Pacific (IDA & IBRD),,1977,63.5120697
East Asia & Pacific (IDA & IBRD),,1978,64.65174866
East Asia & Pacific (IDA & IBRD),,1979,65.78302002
East Asia & Pacific (IDA & IBRD),,1980,66.36386108
East Asia & Pacific (IDA & IBRD),,1981,68.07572937
East Asia & Pacific (IDA & IBRD),,1982,68.94728088
East Asia & Pacific (IDA & IBRD),,1983,70.27233887
East Asia & Pacific (IDA & IBRD),,1984,71.33608246
East Asia & Pacific (IDA & IBRD),,1985,72.35346985
East Asia & Pacific (IDA & IBRD),,1986,73.25656891
East Asia & Pacific (IDA & IBRD),,1987,74.51508331
East Asia & Pacific (IDA & IBRD),,1988,78.93251801
East Asia & Pacific (IDA & IBRD),,1989,79.64087677
East Asia & Pacific (IDA & IBRD),,1990,79.52182007
East Asia & Pacific (IDA & IBRD),,1991,80.87999725
East Asia & Pacific (IDA & IBRD),,1992,81.45362091
East Asia & Pacific (IDA & IBRD),,1993,81.98232269
East Asia & Pacific (IDA & IBRD),,1994,82.58657837
East Asia & Pacific (IDA & IBRD),,1995,83.18373871
East Asia & Pacific (IDA & IBRD),,1996,83.71183777
East Asia & Pacific (IDA & IBRD),,1997,89.42046356
East Asia & Pacific (IDA & IBRD),,1998,89.79141998
East Asia & Pacific (IDA & IBRD),,1999,90.12407684
East Asia & Pacific (IDA & IBRD),,2000,90.43612671
East Asia & Pacific (IDA & IBRD),,2001,90.89234161
East Asia & Pacific (IDA & IBRD),,2002,91.27606964
East Asia & Pacific (IDA & IBRD),,2003,91.65274811
East Asia & Pacific (IDA & IBRD),,2004,91.99475098
East Asia & Pacific (IDA & IBRD),,2005,92.36782074
East Asia & Pacific (IDA & IBRD),,2006,92.79653931
East Asia & Pacific (IDA & IBRD),,2007,93.88739777
East Asia & Pacific (IDA & IBRD),,2008,94.12741852
East Asia & Pacific (IDA & IBRD),,2009,94.45156097
East Asia & Pacific (IDA & IBRD),,2010,94.54157257
East Asia & Pacific (IDA & IBRD),,2011,94.38781738
East Asia & Pacific (IDA & IBRD),,2012,94.61257935
East Asia & Pacific (IDA & IBRD),,2013,94.71494293
East Asia & Pacific (IDA & IBRD),,2014,95.13671112
East Asia & Pacific (IDA & IBRD),,2015,95.35286713
East Asia & Pacific (IDA & IBRD),,2016,95.48483276
East Asia & Pacific (IDA & IBRD),,2017,95.6769104
East Asia & Pacific (IDA & IBRD),,2018,95.82859802
East Asia & Pacific (IDA & IBRD),,2019,95.97810364
East Asia & Pacific (excluding high income),,1976,63.81467819
East Asia & Pacific (excluding high income),,1977,63.9865799
East Asia & Pacific (excluding high income),,1978,65.10826874
East Asia & Pacific (excluding high income),,1979,66.222229
East Asia & Pacific (excluding high income),,1980,66.79412842
East Asia & Pacific (excluding high income),,1981,68.48506927
East Asia & Pacific (excluding high income),,1982,69.34573364
East Asia & Pacific (excluding high income),,1983,70.65393066
East Asia & Pacific (excluding high income),,1984,71.70455933
East Asia & Pacific (excluding high income),,1985,72.70993042
East Asia & Pacific (excluding high income),,1986,73.60050201
East Asia & Pacific (excluding high income),,1987,74.84361267
East Asia & Pacific (excluding high income),,1988,79.20539093
East Asia & Pacific (excluding high income),,1989,79.90527344
East Asia & Pacific (excluding high income),,1990,79.78748322
East Asia & Pacific (excluding high income),,1991,81.1292572
East Asia & Pacific (excluding high income),,1992,81.69489288
East Asia & Pacific (excluding high income),,1993,82.21533966
East Asia & Pacific (excluding high income),,1994,82.81069946
East Asia & Pacific (excluding high income),,1995,83.39981079
East Asia & Pacific (excluding high income),,1996,83.91929626
East Asia & Pacific (excluding high income),,1997,89.55478668
East Asia & Pacific (excluding high income),,1998,89.92095947
East Asia & Pacific (excluding high income),,1999,90.2490921
East Asia & Pacific (excluding high income),,2000,90.55647278
East Asia & Pacific (excluding high income),,2001,91.00655365
East Asia & Pacific (excluding high income),,2002,91.38469696
East Asia & Pacific (excluding high income),,2003,91.75576782
East Asia & Pacific (excluding high income),,2004,92.09281921
East Asia & Pacific (excluding high income),,2005,92.46089935
East Asia & Pacific (excluding high income),,2006,92.88398743
East Asia & Pacific (excluding high income),,2007,93.96147156
East Asia & Pacific (excluding high income),,2008,94.19860077
East Asia & Pacific (excluding high income),,2009,94.51882935
East Asia & Pacific (excluding high income),,2010,94.60774231
East Asia & Pacific (excluding high income),,2011,94.45590973
East Asia & Pacific (excluding high income),,2012,94.67794037
East Asia & Pacific (excluding high income),,2013,94.77902222
East Asia & Pacific (excluding high income),,2014,95.19567108
East Asia & Pacific (excluding high income),,2015,95.40923309
East Asia & Pacific (excluding high income),,2016,95.53955078
East Asia & Pacific (excluding high income),,2017,95.72928619
East Asia & Pacific (excluding high income),,2018,95.87911987
East Asia & Pacific (excluding high income),,2019,96.0267868
Ecuador,ECU,1982,83.5526886
Ecuador,ECU,1990,88.29875946
Ecuador,ECU,2001,90.98403168
Ecuador,ECU,2007,92.0967865
Ecuador,ECU,2008,92.3900528
Ecuador,ECU,2009,92.24976349
Ecuador,ECU,2010,91.85404205
Ecuador,ECU,2011,91.5868988
Ecuador,ECU,2012,92.06472778
Ecuador,ECU,2013,93.29463196
Ecuador,ECU,2014,94.22264099
Ecuador,ECU,2015,94.45565796
Ecuador,ECU,2016,94.35022736
Ecuador,ECU,2017,92.82978821
Egypt,EGY,1976,38.19675827
Egypt,EGY,1986,44.42398834
Egypt,EGY,1996,55.5870018
Egypt,EGY,2005,67.33187103
Egypt,EGY,2006,66.36991119
Egypt,EGY,2010,72.04785156
Egypt,EGY,2012,73.86559296
Egypt,EGY,2013,72.44249725
Egypt,EGY,2017,71.16825104
El Salvador,SLV,1992,74.14315796
El Salvador,SLV,2006,83.5594635
El Salvador,SLV,2007,82.02863312
El Salvador,SLV,2008,83.95130157
El Salvador,SLV,2009,84.10289001
El Salvador,SLV,2010,84.49272156
El Salvador,SLV,2011,85.49398804
El Salvador,SLV,2013,86.76757813
El Salvador,SLV,2015,87.96984863
El Salvador,SLV,2016,88.14176941
El Salvador,SLV,2017,88.48271179
El Salvador,SLV,2018,89.00859833
Equatorial Guinea,GNQ,2000,88.3082962
Equatorial Guinea,GNQ,2010,94.3705368
Eritrea,ERI,2002,52.51395035
Eritrea,ERI,2008,64.6629715
Eritrea,ERI,2018,76.57051849
Estonia,EST,1989,99.72644043
Estonia,EST,2000,99.76719666
Estonia,EST,2011,99.88578796
Eswatini,SWZ,1976,55.32503891
Eswatini,SWZ,1986,67.23937988
Eswatini,SWZ,2000,81.66069794
Eswatini,SWZ,2010,83.09828949
Eswatini,SWZ,2018,88.41938019
Ethiopia,ETH,1994,27.01135063
Ethiopia,ETH,2004,35.90000153
Ethiopia,ETH,2005,29.8203392
Ethiopia,ETH,2007,38.99597931
Ethiopia,ETH,2017,51.7711792
Europe & Central Asia,,1994,95.67233276
Europe & Central Asia,,1995,95.81139374
Europe & Central Asia,,1996,95.97293854
Europe & Central Asia,,1997,96.09912872
Europe & Central Asia,,1998,96.24655151
Europe & Central Asia,,1999,96.36093903
Europe & Central Asia,,2000,96.42076111
Europe & Central Asia,,2001,96.51696014
Europe & Central Asia,,2002,96.69612122
Europe & Central Asia,,2003,96.79019928
Europe & Central Asia,,2004,96.91914368
Europe & Central Asia,,2005,96.92446899
Europe & Central Asia,,2006,97.07691193
Europe & Central Asia,,2007,97.08747101
Europe & Central Asia,,2008,97.24707031
Europe & Central Asia,,2009,97.41752625
Europe & Central Asia,,2010,97.58094788
Europe & Central Asia,,2011,97.89367676
Europe & Central Asia,,2012,97.99822235
Europe & Central Asia,,2013,98.06864166
Europe & Central Asia,,2014,98.11634827
Europe & Central Asia,,2015,98.16487122
Europe & Central Asia,,2016,98.25479126
Europe & Central Asia,,2017,98.27191925
Europe & Central Asia,,2018,98.33351898
Europe & Central Asia,,2019,98.37896729
Europe & Central Asia (IDA & IBRD),,1983,94.59324646
Europe & Central Asia (IDA & IBRD),,1984,95.18827057
Europe & Central Asia (IDA & IBRD),,1985,95.36482239
Europe & Central Asia (IDA & IBRD),,1986,95.41020966
Europe & Central Asia (IDA & IBRD),,1987,95.52937317
Europe & Central Asia (IDA & IBRD),,1988,95.61264038
Europe & Central Asia (IDA & IBRD),,1989,95.6876297
Europe & Central Asia (IDA & IBRD),,1990,95.86660004
Europe & Central Asia (IDA & IBRD),,1991,95.90319061
Europe & Central Asia (IDA & IBRD),,1992,96.01412201
Europe & Central Asia (IDA & IBRD),,1993,96.12406158
Europe & Central Asia (IDA & IBRD),,1994,96.23310089
Europe & Central Asia (IDA & IBRD),,1995,96.34433746
Europe & Central Asia (IDA & IBRD),,1996,96.50650024
Europe & Central Asia (IDA & IBRD),,1997,96.60855103
Europe & Central Asia (IDA & IBRD),,1998,96.90091705
Europe & Central Asia (IDA & IBRD),,1999,96.96105957
Europe & Central Asia (IDA & IBRD),,2000,97.06623077
Europe & Central Asia (IDA & IBRD),,2001,97.13755035
Europe & Central Asia (IDA & IBRD),,2002,97.21595764
Europe & Central Asia (IDA & IBRD),,2003,97.2803421
Europe & Central Asia (IDA & IBRD),,2004,97.43356323
Europe & Central Asia (IDA & IBRD),,2005,97.61785126
Europe & Central Asia (IDA & IBRD),,2006,97.58544159
Europe & Central Asia (IDA & IBRD),,2007,97.66927338
Europe & Central Asia (IDA & IBRD),,2008,97.67836761
Europe & Central Asia (IDA & IBRD),,2009,98.15779114
Europe & Central Asia (IDA & IBRD),,2010,98.42804718
Europe & Central Asia (IDA & IBRD),,2011,98.64798737
Europe & Central Asia (IDA & IBRD),,2012,98.76374054
Europe & Central Asia (IDA & IBRD),,2013,98.80722046
Europe & Central Asia (IDA & IBRD),,2014,98.83760071
Europe & Central Asia (IDA & IBRD),,2015,98.86424255
Europe & Central Asia (IDA & IBRD),,2016,98.96904755
Europe & Central Asia (IDA & IBRD),,2017,98.948349
Europe & Central Asia (IDA & IBRD),,2018,98.9805069
Europe & Central Asia (IDA & IBRD),,2019,99.01315308
Europe & Central Asia (excluding high income),,1983,93.99758148
Europe & Central Asia (excluding high income),,1984,94.70398712
Europe & Central Asia (excluding high income),,1985,94.91088104
Europe & Central Asia (excluding high income),,1986,94.96160889
Europe & Central Asia (excluding high income),,1987,95.09812164
Europe & Central Asia (excluding high income),,1988,95.23738098
Europe & Central Asia (excluding high income),,1989,95.31289673
Europe & Central Asia (excluding high income),,1990,95.51210785
Europe & Central Asia (excluding high income),,1991,95.54319
Europe & Central Asia (excluding high income),,1992,95.66255188
Europe & Central Asia (excluding high income),,1993,95.78305817
Europe & Central Asia (excluding high income),,1994,95.90112305
Europe & Central Asia (excluding high income),,1995,96.02188873
Europe & Central Asia (excluding high income),,1996,96.2056427
Europe & Central Asia (excluding high income),,1997,96.31778717
Europe & Central Asia (excluding high income),,1998,96.65229034
Europe & Central Asia (excluding high income),,1999,96.74859619
Europe & Central Asia (excluding high income),,2000,96.86665344
Europe & Central Asia (excluding high income),,2001,96.94550323
Europe & Central Asia (excluding high income),,2002,97.03177643
Europe & Central Asia (excluding high income),,2003,97.10565948
Europe & Central Asia (excluding high income),,2004,97.28276825
Europe & Central Asia (excluding high income),,2005,97.49642181
Europe & Central Asia (excluding high income),,2006,97.45501709
Europe & Central Asia (excluding high income),,2007,97.5509491
Europe & Central Asia (excluding high income),,2008,97.55497742
Europe & Central Asia (excluding high income),,2009,98.06336975
Europe & Central Asia (excluding high income),,2010,98.37867737
Europe & Central Asia (excluding high income),,2011,98.63468933
Europe & Central Asia (excluding high income),,2012,98.76821899
Europe & Central Asia (excluding high income),,2013,98.81671906
Europe & Central Asia (excluding high income),,2014,98.84980774
Europe & Central Asia (excluding high income),,2015,98.87846375
Europe & Central Asia (excluding high income),,2016,98.99887848
Europe & Central Asia (excluding high income),,2017,98.97245789
Europe & Central Asia (excluding high income),,2018,99.00773621
Europe & Central Asia (excluding high income),,2019,99.04348755
Fiji,FJI,1996,92.94288635
Fiji,FJI,2017,99.08210754
Fragile and conflict affected situations,,1983,52.84653091
Fragile and conflict affected situations,,1984,53.29100037
Fragile and conflict affected situations,,1985,53.75728989
Fragile and conflict affected situations,,1986,54.13972855
Fragile and conflict affected situations,,1987,54.8757782
Fragile and conflict affected situations,,1988,55.59062958
Fragile and conflict affected situations,,1989,56.08670044
Fragile and conflict affected situations,,1990,56.67657852
Fragile and conflict affected situations,,1991,57.37300873
Fragile and conflict affected situations,,1992,57.82300186
Fragile and conflict affected situations,,1993,58.28945923
Fragile and conflict affected situations,,1994,59.22069168
Fragile and conflict affected situations,,1995,60.09626007
Fragile and conflict affected situations,,1996,60.72531128
Fragile and conflict affected situations,,1997,61.58539963
Fragile and conflict affected situations,,1998,62.45851135
Fragile and conflict affected situations,,1999,63.12662125
Fragile and conflict affected situations,,2000,60.74932861
Fragile and conflict affected situations,,2001,61.5615387
Fragile and conflict affected situations,,2002,62.0209198
Fragile and conflict affected situations,,2003,61.98640823
Fragile and conflict affected situations,,2004,63.12842178
Fragile and conflict affected situations,,2005,63.33919907
Fragile and conflict affected situations,,2006,64.62336731
Fragile and conflict affected situations,,2007,60.51327896
Fragile and conflict affected situations,,2008,60.53364944
Fragile and conflict affected situations,,2009,60.02249146
Fragile and conflict affected situations,,2010,60.28728867
Fragile and conflict affected situations,,2011,60.10028076
Fragile and conflict affected situations,,2012,62.01156998
Fragile and conflict affected situations,,2013,62.43822861
Fragile and conflict affected situations,,2014,63.40736008
Fragile and conflict affected situations,,2015,62.14889145
Fragile and conflict affected situations,,2016,64.27200317
Fragile and conflict affected situations,,2017,65.00601959
Fragile and conflict affected situations,,2018,63.49599075
Fragile and conflict affected situations,,2019,63.74937057
Gabon,GAB,1993,72.2336731
Gabon,GAB,2012,82.28379822
Gabon,GAB,2018,84.66716003
Gambia,GMB,2000,36.81772995
Gambia,GMB,2013,41.95005035
Gambia,GMB,2015,50.77796936
Georgia,GEO,2002,99.65235138
Georgia,GEO,2014,99.58618927
Georgia,GEO,2017,99.36425781
Ghana,GHA,2000,57.89746857
Ghana,GHA,2010,71.49707031
Ghana,GHA,2018,79.03964233
Greece,GRC,1981,90.51232147
Greece,GRC,1991,92.61045074
Greece,GRC,2001,95.99436188
Greece,GRC,2005,93.04431152
Greece,GRC,2007,93.93154907
Greece,GRC,2009,93.90511322
Greece,GRC,2011,97.36873627
Greece,GRC,2018,97.93595123
Grenada,GRD,1970,97.79447174
Grenada,GRD,1984,98.59999847
Grenada,GRD,1994,98.59999847
Grenada,GRD,2004,98.59999847
Grenada,GRD,2014,98.59999847
Guam,GUM,1980,96.42064667
Guam,GUM,1990,99.36914825
Guatemala,GTM,1994,64.2116394
Guatemala,GTM,2002,69.10173035
Guatemala,GTM,2012,78.26486206
Guatemala,GTM,2013,77.0386734
Guatemala,GTM,2014,81.2858963
Guinea,GIN,1996,20.55374908
Guinea,GIN,2003,29.70401955
Guinea,GIN,2010,25.30773926
Guinea,GIN,2014,32.0038414
Guinea-Bissau,GNB,1979,19.95825005
Guinea-Bissau,GNB,2000,41.35776901
Guinea-Bissau,GNB,2014,45.5811615
Guyana,GUY,2009,84.99401093
Guyana,GUY,2014,85.63973236
Haiti,HTI,1982,34.73469162
Haiti,HTI,2003,58.7439003
Haiti,HTI,2006,48.68502045
Haiti,HTI,2016,61.69134903
Heavily indebted poor countries (HIPC),,1986,42.91466904
Heavily indebted poor countries (HIPC),,1987,43.5439682
Heavily indebted poor countries (HIPC),,1988,43.91913986
Heavily indebted poor countries (HIPC),,1989,44.55718994
Heavily indebted poor countries (HIPC),,1990,45.12295914
Heavily indebted poor countries (HIPC),,1991,45.38172913
Heavily indebted poor countries (HIPC),,1992,45.68183899
Heavily indebted poor countries (HIPC),,1993,46.06182861
Heavily indebted poor countries (HIPC),,1994,46.66928864
Heavily indebted poor countries (HIPC),,1995,46.65383148
Heavily indebted poor countries (HIPC),,1996,47.14896011
Heavily indebted poor countries (HIPC),,1997,47.96723938
Heavily indebted poor countries (HIPC),,1998,48.64530182
Heavily indebted poor countries (HIPC),,1999,49.42824173
Heavily indebted poor countries (HIPC),,2000,50.14255905
Heavily indebted poor countries (HIPC),,2001,51.00136185
Heavily indebted poor countries (HIPC),,2002,51.45423126
Heavily indebted poor countries (HIPC),,2003,52.2774086
Heavily indebted poor countries (HIPC),,2004,53.71556854
Heavily indebted poor countries (HIPC),,2005,52.9545517
Heavily indebted poor countries (HIPC),,2006,51.33658981
Heavily indebted poor countries (HIPC),,2007,52.86616898
Heavily indebted poor countries (HIPC),,2008,53.10871887
Heavily indebted poor countries (HIPC),,2009,53.25833893
Heavily indebted poor countries (HIPC),,2010,54.07489014
Heavily indebted poor countries (HIPC),,2011,56.10511017
Heavily indebted poor countries (HIPC),,2012,57.33340073
Heavily indebted poor countries (HIPC),,2013,58.3261795
Heavily indebted poor countries (HIPC),,2014,59.1648407
Heavily indebted poor countries (HIPC),,2015,59.64675903
Heavily indebted poor countries (HIPC),,2016,60.4588089
Heavily indebted poor countries (HIPC),,2017,61.38893127
Heavily indebted poor countries (HIPC),,2018,61.88288879
Heavily indebted poor countries (HIPC),,2019,62.5051918
Honduras,HND,2001,80.0110321
Honduras,HND,2007,83.58898926
Honduras,HND,2010,84.75536346
Honduras,HND,2011,85.12329865
Honduras,HND,2012,85.35555267
Honduras,HND,2013,85.4644165
Honduras,HND,2014,87.19753265
Honduras,HND,2015,87.90682983
Honduras,HND,2016,88.98748016
Honduras,HND,2018,87.20523834
Hungary,HUN,1980,98.85829163
Hungary,HUN,2014,99.09999847
IBRD only,,1975,63.07725143
IBRD only,,1976,63.17380142
IBRD only,,1977,63.44282913
IBRD only,,1978,64.1568985
IBRD only,,1979,64.84008026
IBRD only,,1980,65.28687286
IBRD only,,1981,66.09146118
IBRD only,,1982,66.84081268
IBRD only,,1983,67.646492
IBRD only,,1984,68.42707062
IBRD only,,1985,69.12802124
IBRD only,,1986,69.77542877
IBRD only,,1987,70.57668304
IBRD only,,1988,72.8797226
IBRD only,,1989,73.46336365
IBRD only,,1990,73.73148346
IBRD only,,1991,74.53141022
IBRD only,,1992,75.1490097
IBRD only,,1993,75.66652679
IBRD only,,1994,76.17648315
IBRD only,,1995,76.71550751
IBRD only,,1996,77.24143219
IBRD only,,1997,80.17040253
IBRD only,,1998,81.73970795
IBRD only,,1999,82.11241913
IBRD only,,2000,82.49330139
IBRD only,,2001,82.84072876
IBRD only,,2002,83.26998901
IBRD only,,2003,83.93496704
IBRD only,,2004,84.32956696
IBRD only,,2005,84.36328888
IBRD only,,2006,84.42339325
IBRD only,,2007,85.49600983
IBRD only,,2008,85.84721375
IBRD only,,2009,86.25504303
IBRD only,,2010,86.83493042
IBRD only,,2011,87.19532776
IBRD only,,2012,87.69956207
IBRD only,,2013,87.86956024
IBRD only,,2014,88.34095764
IBRD only,,2015,88.45137787
IBRD only,,2016,88.81774902
IBRD only,,2017,89.0443573
IBRD only,,2018,89.06654358
IBRD only,,2019,89.36553192
IDA & IBRD total,,1975,59.7594986
IDA & IBRD total,,1976,59.85863113
IDA & IBRD total,,1977,60.12987137
IDA & IBRD total,,1978,60.77230072
IDA & IBRD total,,1979,61.38908005
IDA & IBRD total,,1980,61.80981064
IDA & IBRD total,,1981,62.52769852
IDA & IBRD total,,1982,63.21895981
IDA & IBRD total,,1983,63.94839096
IDA & IBRD total,,1984,64.66091919
IDA & IBRD total,,1985,65.30536652
IDA & IBRD total,,1986,65.89926147
IDA & IBRD total,,1987,66.64675903
IDA & IBRD total,,1988,68.69184875
IDA & IBRD total,,1989,69.25138855
IDA & IBRD total,,1990,69.54599762
IDA & IBRD total,,1991,70.24902344
IDA & IBRD total,,1992,70.87866211
IDA & IBRD total,,1993,71.41886902
IDA & IBRD total,,1994,71.9450531
IDA & IBRD total,,1995,72.45143127
IDA & IBRD total,,1996,72.9733429
IDA & IBRD total,,1997,75.49215698
IDA & IBRD total,,1998,76.97602081
IDA & IBRD total,,1999,77.37692261
IDA & IBRD total,,2000,77.55323792
IDA & IBRD total,,2001,77.94180298
IDA & IBRD total,,2002,78.39006805
IDA & IBRD total,,2003,79.03051758
IDA & IBRD total,,2004,79.53421021
IDA & IBRD total,,2005,79.46540833
IDA & IBRD total,,2006,79.73523712
IDA & IBRD total,,2007,80.10973358
IDA & IBRD total,,2008,80.68343353
IDA & IBRD total,,2009,81.05264282
IDA & IBRD total,,2010,81.57013702
IDA & IBRD total,,2011,81.8302002
IDA & IBRD total,,2012,82.35736084
IDA & IBRD total,,2013,82.59467316
IDA & IBRD total,,2014,83.07061005
IDA & IBRD total,,2015,83.28063965
IDA & IBRD total,,2016,83.81558228
IDA & IBRD total,,2017,84.09641266
IDA & IBRD total,,2018,84.12513733
IDA & IBRD total,,2019,84.4069519
IDA blend,,1980,47.40528107
IDA blend,,1981,47.50617981
IDA blend,,1982,47.93532181
IDA blend,,1983,48.23159027
IDA blend,,1984,48.52011871
IDA blend,,1985,48.82585907
IDA blend,,1986,49.14402008
IDA blend,,1987,49.81414032
IDA blend,,1988,50.50037003
IDA blend,,1989,51.05368042
IDA blend,,1990,51.75574875
IDA blend,,1991,52.64719009
IDA blend,,1992,54.28536987
IDA blend,,1993,55.99806976
IDA blend,,1994,56.79523087
IDA blend,,1995,57.57638168
IDA blend,,1996,58.44828033
IDA blend,,1997,59.27878952
IDA blend,,1998,60.26575089
IDA blend,,1999,60.89603043
IDA blend,,2000,57.86249924
IDA blend,,2001,58.79040146
IDA blend,,2002,59.4720993
IDA blend,,2003,60.08760071
IDA blend,,2004,61.30728912
IDA blend,,2005,60.70563889
IDA blend,,2006,66.53368378
IDA blend,,2007,59.77278137
IDA blend,,2008,61.00915146
IDA blend,,2009,61.94258881
IDA blend,,2010,62.39704895
IDA blend,,2011,62.47045898
IDA blend,,2012,63.87630844
IDA blend,,2013,63.7358284
IDA blend,,2014,64.59924316
IDA blend,,2015,65.02774048
IDA blend,,2016,65.72805786
IDA blend,,2017,66.58383179
IDA blend,,2018,66.5693512
IDA blend,,2019,66.98145294
IDA only,,1981,41.9629097
IDA only,,1982,42.34782028
IDA only,,1983,42.7427597
IDA only,,1984,43.20236969
IDA only,,1985,43.66339874
IDA only,,1986,44.06462097
IDA only,,1987,44.55078125
IDA only,,1988,45.44023132
IDA only,,1989,46.02561951
IDA only,,1990,46.56568146
IDA only,,1991,46.74369049
IDA only,,1992,47.26182938
IDA only,,1993,47.69535828
IDA only,,1994,48.54450989
IDA only,,1995,49.04251862
IDA only,,1996,49.59032822
IDA only,,1997,50.34223175
IDA only,,1998,51.84238815
IDA only,,1999,52.67752075
IDA only,,2000,53.37303162
IDA only,,2001,54.08272934
IDA only,,2002,54.8130188
IDA only,,2003,55.55612183
IDA only,,2004,56.71012115
IDA only,,2005,56.55477905
IDA only,,2006,55.70996857
IDA only,,2007,55.52550125
IDA only,,2008,57.61968994
IDA only,,2009,57.88134003
IDA only,,2010,58.46443176
IDA only,,2011,58.6186409
IDA only,,2012,59.26576996
IDA only,,2013,60.53036118
IDA only,,2014,61.27156067
IDA only,,2015,62.39786911
IDA only,,2016,64.25295258
IDA only,,2017,64.97927856
IDA only,,2018,65.49887085
IDA only,,2019,66.05657196
India,IND,1981,40.76359177
India,IND,1991,48.22206879
India,IND,2001,61.0145607
India,IND,2006,62.75447083
India,IND,2011,69.3025589
India,IND,2018,74.37299347
Indonesia,IDN,1980,67.31266785
Indonesia,IDN,1990,81.51985168
Indonesia,IDN,2004,90.38478851
Indonesia,IDN,2006,91.98226929
Indonesia,IDN,2008,92.19229889
Indonesia,IDN,2009,92.58170319
Indonesia,IDN,2011,92.81191254
Indonesia,IDN,2014,95.11621857
Indonesia,IDN,2015,95.21793365
Indonesia,IDN,2016,95.37696838
Indonesia,IDN,2018,95.65856171
Iran,IRN,1976,36.51839828
Iran,IRN,1986,52.31975937
Iran,IRN,1991,65.53140259
Iran,IRN,1996,73.06024933
Iran,IRN,2002,77
Iran,IRN,2005,82.44120026
Iran,IRN,2006,82.33132172
Iran,IRN,2008,82.96230316
Iran,IRN,2012,83.62599182
Iran,IRN,2013,84.62680054
Iran,IRN,2014,84.70523834
Iran,IRN,2016,85.54425049
Iraq,IRQ,2000,74.05220032
Iraq,IRQ,2012,77.19999695
Iraq,IRQ,2013,72.69999695
Iraq,IRQ,2014,82.19999695
Iraq,IRQ,2016,83.30000305
Iraq,IRQ,2017,85.59999847
Israel,ISR,1983,91.75141144
Italy,ITA,1981,96.46054077
Italy,ITA,2001,98.41661835
Italy,ITA,2011,98.84828186
Italy,ITA,2018,99.15576172
Jamaica,JAM,1999,79.92012024
Jamaica,JAM,2014,88.09999847
Jordan,JOR,1979,66.79680634
Jordan,JOR,2003,89.89231873
Jordan,JOR,2005,91.13075256
Jordan,JOR,2007,92.19957733
Jordan,JOR,2010,92.55104065
Jordan,JOR,2011,95.90444946
Jordan,JOR,2012,97.89031982
Jordan,JOR,2018,98.22711182
Kazakhstan,KAZ,1989,97.5293808
Kazakhstan,KAZ,1999,99.51265717
Kazakhstan,KAZ,2009,99.73240662
Kazakhstan,KAZ,2010,99.78163147
Kazakhstan,KAZ,2018,99.78163147
Kenya,KEN,2000,82.2290802
Kenya,KEN,2007,72.1570282
Kenya,KEN,2014,78.73303986
Kenya,KEN,2018,81.53497314
Kuwait,KWT,1975,59.56438828
Kuwait,KWT,1980,67.51766205
Kuwait,KWT,1985,74.49086761
Kuwait,KWT,1995,78.39550018
Kuwait,KWT,2005,93.27445984
Kuwait,KWT,2006,93.28211975
Kuwait,KWT,2007,93.6641922
Kuwait,KWT,2008,93.89830017
Kuwait,KWT,2010,94.4690094
Kuwait,KWT,2012,95.51316833
Kuwait,KWT,2013,95.58582306
Kuwait,KWT,2015,95.68544769
Kuwait,KWT,2017,96.03594971
Kuwait,KWT,2018,96.05647278
Kyrgyzstan,KGZ,1999,98.70160675
Kyrgyzstan,KGZ,2009,99.24343109
Kyrgyzstan,KGZ,2018,99.58599854
Laos,LAO,1995,60.25133133
Laos,LAO,2000,69.58312225
Laos,LAO,2001,68.73439026
Laos,LAO,2005,72.70226288
Laos,LAO,2011,58.28794098
Laos,LAO,2015,84.66104126
Late-demographic dividend,,1976,70.43502808
Late-demographic dividend,,1977,70.45159149
Late-demographic dividend,,1978,71.24762726
Late-demographic dividend,,1979,72.02451324
Late-demographic dividend,,1980,72.83371735
Late-demographic dividend,,1981,73.60997009
Late-demographic dividend,,1982,74.18579102
Late-demographic dividend,,1983,75.14633942
Late-demographic dividend,,1984,75.90187836
Late-demographic dividend,,1985,76.64246368
Late-demographic dividend,,1986,77.30374908
Late-demographic dividend,,1987,78.00672913
Late-demographic dividend,,1988,81.60838318
Late-demographic dividend,,1989,82.15328217
Late-demographic dividend,,1990,82.02095795
Late-demographic dividend,,1991,83.15498352
Late-demographic dividend,,1992,83.64505768
Late-demographic dividend,,1993,84.12547302
Late-demographic dividend,,1994,84.57951355
Late-demographic dividend,,1995,85.05000305
Late-demographic dividend,,1996,85.47952271
Late-demographic dividend,,1997,90.33847046
Late-demographic dividend,,1998,90.67964935
Late-demographic dividend,,1999,90.98285675
Late-demographic dividend,,2000,91.18414307
Late-demographic dividend,,2001,91.58641052
Late-demographic dividend,,2002,91.90461731
Late-demographic dividend,,2003,92.29730988
Late-demographic dividend,,2004,92.54673004
Late-demographic dividend,,2005,92.87256622
Late-demographic dividend,,2006,93.09867096
Late-demographic dividend,,2007,94.08682251
Late-demographic dividend,,2008,94.30425262
Late-demographic dividend,,2009,94.5845871
Late-demographic dividend,,2010,94.60774994
Late-demographic dividend,,2011,95.12831879
Late-demographic dividend,,2012,95.30020142
Late-demographic dividend,,2013,95.36569977
Late-demographic dividend,,2014,95.53117371
Late-demographic dividend,,2015,95.6782608
Late-demographic dividend,,2016,95.87560272
Late-demographic dividend,,2017,96.01103973
Late-demographic dividend,,2018,96.15605927
Late-demographic dividend,,2019,96.34008026
Latin America & Caribbean,,1974,78.82582855
Latin America & Caribbean,,1975,78.8215332
Latin America & Caribbean,,1976,79.15207672
Latin America & Caribbean,,1977,79.54252625
Latin America & Caribbean,,1978,79.96498871
Latin America & Caribbean,,1979,80.3463974
Latin America & Caribbean,,1980,80.69809723
Latin America & Caribbean,,1981,81.07151031
Latin America & Caribbean,,1982,81.43309784
Latin America & Caribbean,,1983,81.81723785
Latin America & Caribbean,,1984,82.17987823
Latin America & Caribbean,,1985,82.5324173
Latin America & Caribbean,,1986,82.87915802
Latin America & Caribbean,,1987,83.16143036
Latin America & Caribbean,,1988,83.64324188
Latin America & Caribbean,,1989,84.07833862
Latin America & Caribbean,,1990,84.4156723
Latin America & Caribbean,,1991,84.97976685
Latin America & Caribbean,,1992,85.59983063
Latin America & Caribbean,,1993,86.23312378
Latin America & Caribbean,,1994,86.79704285
Latin America & Caribbean,,1995,87.3991394
Latin America & Caribbean,,1996,87.72866058
Latin America & Caribbean,,1997,88.01811981
Latin America & Caribbean,,1998,88.49552155
Latin America & Caribbean,,1999,88.79009247
Latin America & Caribbean,,2000,89.03314972
Latin America & Caribbean,,2001,89.12870026
Latin America & Caribbean,,2002,89.2387619
Latin America & Caribbean,,2003,90.00466919
Latin America & Caribbean,,2004,89.98625183
Latin America & Caribbean,,2005,90.46388245
Latin America & Caribbean,,2006,90.47693634
Latin America & Caribbean,,2007,91.05056
Latin America & Caribbean,,2008,91.28936768
Latin America & Caribbean,,2009,91.66851044
Latin America & Caribbean,,2010,91.64585876
Latin America & Caribbean,,2011,92.23796082
Latin America & Caribbean,,2012,92.46115875
Latin America & Caribbean,,2013,92.50705719
Latin America & Caribbean,,2014,92.94821167
Latin America & Caribbean,,2015,93.13275146
Latin America & Caribbean,,2016,93.59496307
Latin America & Caribbean,,2017,93.70874786
Latin America & Caribbean,,2018,93.86865997
Latin America & Caribbean,,2019,94.29450989
Latin America & Caribbean (IDA & IBRD),,1974,78.08843231
Latin America & Caribbean (IDA & IBRD),,1975,78.09028625
Latin America & Caribbean (IDA & IBRD),,1976,78.4397583
Latin America & Caribbean (IDA & IBRD),,1977,78.84776306
Latin America & Caribbean (IDA & IBRD),,1978,79.28697968
Latin America & Caribbean (IDA & IBRD),,1979,79.68428802
Latin America & Caribbean (IDA & IBRD),,1980,80.05603027
Latin America & Caribbean (IDA & IBRD),,1981,80.44167328
Latin America & Caribbean (IDA & IBRD),,1982,80.81787872
Latin America & Caribbean (IDA & IBRD),,1983,81.21904755
Latin America & Caribbean (IDA & IBRD),,1984,81.59683228
Latin America & Caribbean (IDA & IBRD),,1985,81.96221924
Latin America & Caribbean (IDA & IBRD),,1986,82.32211304
Latin America & Caribbean (IDA & IBRD),,1987,82.60962677
Latin America & Caribbean (IDA & IBRD),,1988,83.10915375
Latin America & Caribbean (IDA & IBRD),,1989,83.56105042
Latin America & Caribbean (IDA & IBRD),,1990,83.912323
Latin America & Caribbean (IDA & IBRD),,1991,84.50154877
Latin America & Caribbean (IDA & IBRD),,1992,85.14871216
Latin America & Caribbean (IDA & IBRD),,1993,85.80966949
Latin America & Caribbean (IDA & IBRD),,1994,86.3983078
Latin America & Caribbean (IDA & IBRD),,1995,87.02622223
Latin America & Caribbean (IDA & IBRD),,1996,87.36940002
Latin America & Caribbean (IDA & IBRD),,1997,87.67156982
Latin America & Caribbean (IDA & IBRD),,1998,88.17134094
Latin America & Caribbean (IDA & IBRD),,1999,88.48100281
Latin America & Caribbean (IDA & IBRD),,2000,88.73613739
Latin America & Caribbean (IDA & IBRD),,2001,88.83763123
Latin America & Caribbean (IDA & IBRD),,2002,88.95333862
Latin America & Caribbean (IDA & IBRD),,2003,89.74697876
Latin America & Caribbean (IDA & IBRD),,2004,89.72917938
Latin America & Caribbean (IDA & IBRD),,2005,90.22467041
Latin America & Caribbean (IDA & IBRD),,2006,90.24040222
Latin America & Caribbean (IDA & IBRD),,2007,90.8343277
Latin America & Caribbean (IDA & IBRD),,2008,91.08239746
Latin America & Caribbean (IDA & IBRD),,2009,91.47849274
Latin America & Caribbean (IDA & IBRD),,2010,91.45825195
Latin America & Caribbean (IDA & IBRD),,2011,92.06757355
Latin America & Caribbean (IDA & IBRD),,2012,92.29743958
Latin America & Caribbean (IDA & IBRD),,2013,92.34657288
Latin America & Caribbean (IDA & IBRD),,2014,92.80142212
Latin America & Caribbean (IDA & IBRD),,2015,92.9957962
Latin America & Caribbean (IDA & IBRD),,2016,93.47264099
Latin America & Caribbean (IDA & IBRD),,2017,93.59078217
Latin America & Caribbean (IDA & IBRD),,2018,93.7561264
Latin America & Caribbean (IDA & IBRD),,2019,94.19448853
Latin America & Caribbean (excluding high income),,1974,78.01447296
Latin America & Caribbean (excluding high income),,1975,78.01526642
Latin America & Caribbean (excluding high income),,1976,78.3685379
Latin America & Caribbean (excluding high income),,1977,78.78518677
Latin America & Caribbean (excluding high income),,1978,79.22371674
Latin America & Caribbean (excluding high income),,1979,79.61933899
Latin America & Caribbean (excluding high income),,1980,79.9890213
Latin America & Caribbean (excluding high income),,1981,80.37258911
Latin America & Caribbean (excluding high income),,1982,80.7543335
Latin America & Caribbean (excluding high income),,1983,81.15258789
Latin America & Caribbean (excluding high income),,1984,81.53044891
Latin America & Caribbean (excluding high income),,1985,81.89761353
Latin America & Caribbean (excluding high income),,1986,82.25782013
Latin America & Caribbean (excluding high income),,1987,82.56391907
Latin America & Caribbean (excluding high income),,1988,83.07002258
Latin America & Caribbean (excluding high income),,1989,83.49098969
Latin America & Caribbean (excluding high income),,1990,83.84307098
Latin America & Caribbean (excluding high income),,1991,84.43630219
Latin America & Caribbean (excluding high income),,1992,85.09030151
Latin America & Caribbean (excluding high income),,1993,85.75559998
Latin America & Caribbean (excluding high income),,1994,86.34810638
Latin America & Caribbean (excluding high income),,1995,86.98130798
Latin America & Caribbean (excluding high income),,1996,87.32528687
Latin America & Caribbean (excluding high income),,1997,87.62180328
Latin America & Caribbean (excluding high income),,1998,88.12242889
Latin America & Caribbean (excluding high income),,1999,88.43566895
Latin America & Caribbean (excluding high income),,2000,88.68908691
Latin America & Caribbean (excluding high income),,2001,88.7828598
Latin America & Caribbean (excluding high income),,2002,88.8950882
Latin America & Caribbean (excluding high income),,2003,89.70629883
Latin America & Caribbean (excluding high income),,2004,89.68012238
Latin America & Caribbean (excluding high income),,2005,90.17938232
Latin America & Caribbean (excluding high income),,2006,90.18083191
Latin America & Caribbean (excluding high income),,2007,90.70818329
Latin America & Caribbean (excluding high income),,2008,90.98342896
Latin America & Caribbean (excluding high income),,2009,91.38371277
Latin America & Caribbean (excluding high income),,2010,91.39028931
Latin America & Caribbean (excluding high income),,2011,92.01399994
Latin America & Caribbean (excluding high income),,2012,92.23848724
Latin America & Caribbean (excluding high income),,2013,92.31037903
Latin America & Caribbean (excluding high income),,2014,92.76419067
Latin America & Caribbean (excluding high income),,2015,92.95179749
Latin America & Caribbean (excluding high income),,2016,93.42559052
Latin America & Caribbean (excluding high income),,2017,93.57028198
Latin America & Caribbean (excluding high income),,2018,93.72753143
Latin America & Caribbean (excluding high income),,2019,94.17028046
Latvia,LVA,1989,99.45230103
Latvia,LVA,2000,99.74656677
Latvia,LVA,2011,99.89589691
Latvia,LVA,2018,99.88931274
Least developed countries: UN classification,,1981,40.17879868
Least developed countries: UN classification,,1982,40.55741882
Least developed countries: UN classification,,1983,40.95410919
Least developed countries: UN classification,,1984,41.40478134
Least developed countries: UN classification,,1985,41.85546875
Least developed countries: UN classification,,1986,42.2387886
Least developed countries: UN classification,,1987,42.71572876
Least developed countries: UN classification,,1988,43.61362076
Least developed countries: UN classification,,1989,44.22512054
Least developed countries: UN classification,,1990,44.77009964
Least developed countries: UN classification,,1991,44.91880035
Least developed countries: UN classification,,1992,45.44451904
Least developed countries: UN classification,,1993,45.87723923
Least developed countries: UN classification,,1994,46.76338959
Least developed countries: UN classification,,1995,47.48345184
Least developed countries: UN classification,,1996,48.01525879
Least developed countries: UN classification,,1997,48.76615143
Least developed countries: UN classification,,1998,50.31547928
Least developed countries: UN classification,,1999,51.18608093
Least developed countries: UN classification,,2000,51.64733124
Least developed countries: UN classification,,2001,52.2954216
Least developed countries: UN classification,,2002,52.94678879
Least developed countries: UN classification,,2003,53.79362869
Least developed countries: UN classification,,2004,55.00780869
Least developed countries: UN classification,,2005,54.78102112
Least developed countries: UN classification,,2006,53.78543854
Least developed countries: UN classification,,2007,53.34183121
Least developed countries: UN classification,,2008,55.55593872
Least developed countries: UN classification,,2009,56.15462875
Least developed countries: UN classification,,2010,56.6507988
Least developed countries: UN classification,,2011,56.76771164
Least developed countries: UN classification,,2012,57.50632095
Least developed countries: UN classification,,2013,58.87498856
Least developed countries: UN classification,,2014,59.62564087
Least developed countries: UN classification,,2015,60.87612152
Least developed countries: UN classification,,2016,62.89241028
Least developed countries: UN classification,,2017,63.68294144
Least developed countries: UN classification,,2018,64.27587891
Least developed countries: UN classification,,2019,64.85780334
Lebanon,LBN,2007,89.61244202
Lebanon,LBN,2009,91.18418884
Lebanon,LBN,2018,95.06944275
Lesotho,LSO,2000,86.25443268
Lesotho,LSO,2009,75.80020142
Lesotho,LSO,2014,76.6352005
Liberia,LBR,1984,32.10676956
Liberia,LBR,2007,42.94107819
Liberia,LBR,2017,48.30136108
Libya,LBY,1984,60.16439056
Libya,LBY,1994,76.5
Libya,LBY,2004,86.09999847
Lithuania,LTU,1989,98.44126892
Lithuania,LTU,2001,99.64575195
Lithuania,LTU,2011,99.81559753
Low & middle income,,1975,59.01322937
Low & middle income,,1976,59.12675095
Low & middle income,,1977,59.41825867
Low & middle income,,1978,60.0887413
Low & middle income,,1979,60.73283005
Low & middle income,,1980,61.17636108
Low & middle income,,1981,61.92417908
Low & middle income,,1982,62.64305115
Low & middle income,,1983,63.39836121
Low & middle income,,1984,64.13645172
Low & middle income,,1985,64.80542755
Low & middle income,,1986,65.41906738
Low & middle income,,1987,66.19138336
Low & middle income,,1988,68.28392792
Low & middle income,,1989,68.85691833
Low & middle income,,1990,69.16249847
Low & middle income,,1991,69.88131714
Low & middle income,,1992,70.52454376
Low & middle income,,1993,71.07628632
Low & middle income,,1994,71.61344147
Low & middle income,,1995,72.13053131
Low & middle income,,1996,72.66348267
Low & middle income,,1997,75.21842957
Low & middle income,,1998,76.72505188
Low & middle income,,1999,77.13745117
Low & middle income,,2000,77.31916046
Low & middle income,,2001,77.71520233
Low & middle income,,2002,78.17275238
Low & middle income,,2003,78.82447815
Low & middle income,,2004,79.3366394
Low & middle income,,2005,79.26995087
Low & middle income,,2006,79.54496002
Low & middle income,,2007,79.91947174
Low & middle income,,2008,80.50469971
Low & middle income,,2009,80.87705994
Low & middle income,,2010,81.40622711
Low & middle income,,2011,81.6724472
Low & middle income,,2012,82.20670319
Low & middle income,,2013,82.45152283
Low & middle income,,2014,82.93345642
Low & middle income,,2015,83.14720154
Low & middle income,,2016,83.6880188
Low & middle income,,2017,83.97683716
Low & middle income,,2018,84.00708771
Low & middle income,,2019,84.29309082
Low income,,1988,45.92449951
Low income,,1989,46.36322021
Low income,,1990,46.81978989
Low income,,1991,46.98854065
Low income,,1992,47.13159943
Low income,,1993,47.34320068
Low income,,1994,47.79439163
Low income,,1995,47.98397827
Low income,,1996,48.35829163
Low income,,1997,49.10208893
Low income,,1998,49.76462936
Low income,,1999,50.34632874
Low income,,2000,50.64358902
Low income,,2001,51.44028854
Low income,,2002,52.09558868
Low income,,2003,52.57358932
Low income,,2004,54.10161972
Low income,,2005,53.38972092
Low income,,2006,51.52450943
Low income,,2007,52.86407852
Low income,,2008,53.29275131
Low income,,2009,53.79566956
Low income,,2010,54.25215912
Low income,,2011,56.16062164
Low income,,2012,56.63293839
Low income,,2013,57.62022018
Low income,,2014,58.02705002
Low income,,2015,58.5800209
Low income,,2016,59.28538895
Low income,,2017,60.10514832
Low income,,2018,60.49671173
Low income,,2019,60.95804977
Lower middle income,,1975,47.38412857
Lower middle income,,1976,47.45420837
Lower middle income,,1977,47.91757965
Lower middle income,,1978,48.39772034
Lower middle income,,1979,48.84952164
Lower middle income,,1980,49.31190872
Lower middle income,,1981,49.39471817
Lower middle income,,1982,50.24673843
Lower middle income,,1983,50.67758179
Lower middle income,,1984,51.20410156
Lower middle income,,1985,51.73760986
Lower middle income,,1986,52.21242905
Lower middle income,,1987,52.9895401
Lower middle income,,1988,53.61399841
Lower middle income,,1989,54.27658081
Lower middle income,,1990,54.89859009
Lower middle income,,1991,55.36270905
Lower middle income,,1992,56.3573494
Lower middle income,,1993,57.12197113
Lower middle income,,1994,57.87044144
Lower middle income,,1995,58.57550812
Lower middle income,,1996,59.32601166
Lower middle income,,1997,59.98846817
Lower middle income,,1998,63.33613968
Lower middle income,,1999,63.98817825
Lower middle income,,2000,64.11306763
Lower middle income,,2001,64.61197662
Lower middle income,,2002,65.44853973
Lower middle income,,2003,66.3755722
Lower middle income,,2004,67.12634277
Lower middle income,,2005,66.75080872
Lower middle income,,2006,67.54707336
Lower middle income,,2007,67.3390274
Lower middle income,,2008,68.59632111
Lower middle income,,2009,69.28161621
Lower middle income,,2010,70.50018311
Lower middle income,,2011,70.71012115
Lower middle income,,2012,71.58627319
Lower middle income,,2013,72.10707092
Lower middle income,,2014,72.8635788
Lower middle income,,2015,73.63826752
Lower middle income,,2016,74.35328674
Lower middle income,,2017,75.00414276
Lower middle income,,2018,75.431633
Lower middle income,,2019,75.96756744
Macao,MAC,1981,90.37818146
Macao,MAC,2001,91.29537201
Macao,MAC,2006,93.49974823
Macao,MAC,2011,95.64003754
Macao,MAC,2016,96.5384903
Madagascar,MDG,2000,70.68617249
Madagascar,MDG,2005,58.93593979
Madagascar,MDG,2009,64.48091125
Madagascar,MDG,2012,71.57261658
Madagascar,MDG,2018,74.80432129
Malawi,MWI,1987,48.53665161
Malawi,MWI,1998,64.13424683
Malawi,MWI,2010,61.30971909
Malawi,MWI,2014,65.14537048
Malawi,MWI,2015,62.14353943
Malaysia,MYS,1980,69.5163269
Malaysia,MYS,1991,82.91536713
Malaysia,MYS,2000,88.6877594
Malaysia,MYS,2010,93.1178894
Malaysia,MYS,2016,94.88057709
Malaysia,MYS,2017,95.08264923
Malaysia,MYS,2018,94.85440826
Maldives,MDV,1977,82.29995728
Maldives,MDV,1985,92.23004913
Maldives,MDV,1990,96.01825714
Maldives,MDV,1995,96.32649994
Maldives,MDV,2006,98.39790344
Maldives,MDV,2014,98.61012268
Maldives,MDV,2016,97.7349472
Mali,MLI,1976,9.433810234
Mali,MLI,1998,19.04496956
Mali,MLI,2003,24
Mali,MLI,2006,26.17654991
Mali,MLI,2010,31.09975052
Mali,MLI,2011,30.61866951
Mali,MLI,2015,33.06888962
Mali,MLI,2018,35.47377014
Malta,MLT,1985,86.92984009
Malta,MLT,1995,87.86869812
Malta,MLT,2005,92.36309052
Malta,MLT,2011,93.30735779
Malta,MLT,2018,94.50318909
Marshall Islands,MHL,2011,98.26508331
Mauritania,MRT,2000,51.20767975
Mauritania,MRT,2007,45.50378036
Mauritania,MRT,2017,53.49758911
Mauritius,MUS,1990,79.86865997
Mauritius,MUS,2000,84.30309296
Mauritius,MUS,2011,89.24983978
Mauritius,MUS,2012,91.76600647
Mauritius,MUS,2013,91.49002838
Mauritius,MUS,2014,92.47476196
Mauritius,MUS,2015,92.70760345
Mauritius,MUS,2016,93.15783691
Mauritius,MUS,2018,91.32539368
Mexico,MEX,1980,82.98924255
Mexico,MEX,1990,87.55615234
Mexico,MEX,2000,90.53562164
Mexico,MEX,2002,90.27465057
Mexico,MEX,2004,90.95374298
Mexico,MEX,2005,91.63027191
Mexico,MEX,2006,91.73451996
Mexico,MEX,2007,92.79517365
Mexico,MEX,2008,92.92559814
Mexico,MEX,2009,93.44187927
Mexico,MEX,2010,93.06893921
Mexico,MEX,2011,93.51998138
Mexico,MEX,2012,94.22840118
Mexico,MEX,2013,93.96285248
Mexico,MEX,2014,94.55587769
Mexico,MEX,2015,94.47228241
Mexico,MEX,2016,94.85961914
Mexico,MEX,2017,94.97277832
Mexico,MEX,2018,95.37991333
Middle East & North Africa,,1973,42.9323082
Middle East & North Africa,,1974,43.42798996
Middle East & North Africa,,1975,43.95631027
Middle East & North Africa,,1976,44.48236847
Middle East & North Africa,,1977,45.08251953
Middle East & North Africa,,1978,45.76530075
Middle East & North Africa,,1979,46.47703171
Middle East & North Africa,,1980,47.24604034
Middle East & North Africa,,1981,47.99848938
Middle East & North Africa,,1982,48.79439163
Middle East & North Africa,,1983,49.52978134
Middle East & North Africa,,1984,50.4935112
Middle East & North Africa,,1985,51.47774124
Middle East & North Africa,,1986,52.55736923
Middle East & North Africa,,1987,53.33327103
Middle East & North Africa,,1988,54.45447159
Middle East & North Africa,,1989,55.50616074
Middle East & North Africa,,1990,57.9372406
Middle East & North Africa,,1991,59.19150162
Middle East & North Africa,,1992,60.19419861
Middle East & North Africa,,1993,61.06261063
Middle East & North Africa,,1994,62.03443146
Middle East & North Africa,,1995,63.54452133
Middle East & North Africa,,1996,64.88459778
Middle East & North Africa,,1997,65.82185364
Middle East & North Africa,,1998,67.0243988
Middle East & North Africa,,1999,68.09252167
Middle East & North Africa,,2000,69.10521698
Middle East & North Africa,,2001,70.23477173
Middle East & North Africa,,2002,70.68380737
Middle East & North Africa,,2003,73.94261169
Middle East & North Africa,,2004,74.85119629
Middle East & North Africa,,2005,74.43711853
Middle East & North Africa,,2006,74.57665253
Middle East & North Africa,,2007,75.07904053
Middle East & North Africa,,2008,75.76853943
Middle East & North Africa,,2009,75.66799164
Middle East & North Africa,,2010,76.48091888
Middle East & North Africa,,2011,77.26802063
Middle East & North Africa,,2012,79.89382172
Middle East & North Africa,,2013,79.69486237
Middle East & North Africa,,2014,81.14234161
Middle East & North Africa,,2015,79.43242645
Middle East & North Africa,,2016,80.45519257
Middle East & North Africa,,2017,81.52539825
Middle East & North Africa,,2018,78.98143005
Middle East & North Africa,,2019,79.31014252
Middle East & North Africa (IDA & IBRD),,1971,38.72462082
Middle East & North Africa (IDA & IBRD),,1972,39.20930099
Middle East & North Africa (IDA & IBRD),,1973,39.69934845
Middle East & North Africa (IDA & IBRD),,1974,40.19454956
Middle East & North Africa (IDA & IBRD),,1975,40.72991943
Middle East & North Africa (IDA & IBRD),,1976,41.25621033
Middle East & North Africa (IDA & IBRD),,1977,41.86400986
Middle East & North Africa (IDA & IBRD),,1978,42.56853867
Middle East & North Africa (IDA & IBRD),,1979,43.29565811
Middle East & North Africa (IDA & IBRD),,1980,44.10850906
Middle East & North Africa (IDA & IBRD),,1981,44.89508057
Middle East & North Africa (IDA & IBRD),,1982,45.65869141
Middle East & North Africa (IDA & IBRD),,1983,46.43944931
Middle East & North Africa (IDA & IBRD),,1984,47.46099091
Middle East & North Africa (IDA & IBRD),,1985,48.53203964
Middle East & North Africa (IDA & IBRD),,1986,49.71377182
Middle East & North Africa (IDA & IBRD),,1987,50.5515213
Middle East & North Africa (IDA & IBRD),,1988,51.68175125
Middle East & North Africa (IDA & IBRD),,1989,52.74369812
Middle East & North Africa (IDA & IBRD),,1990,55.39273834
Middle East & North Africa (IDA & IBRD),,1991,56.71228027
Middle East & North Africa (IDA & IBRD),,1992,57.78863907
Middle East & North Africa (IDA & IBRD),,1993,58.71173859
Middle East & North Africa (IDA & IBRD),,1994,59.72954941
Middle East & North Africa (IDA & IBRD),,1995,61.3585701
Middle East & North Africa (IDA & IBRD),,1996,62.76903152
Middle East & North Africa (IDA & IBRD),,1997,63.73197937
Middle East & North Africa (IDA & IBRD),,1998,64.91188049
Middle East & North Africa (IDA & IBRD),,1999,66.01416779
Middle East & North Africa (IDA & IBRD),,2000,67.05738068
Middle East & North Africa (IDA & IBRD),,2001,68.21524811
Middle East & North Africa (IDA & IBRD),,2002,68.51264191
Middle East & North Africa (IDA & IBRD),,2003,72.20114899
Middle East & North Africa (IDA & IBRD),,2004,73.10868073
Middle East & North Africa (IDA & IBRD),,2005,72.50730133
Middle East & North Africa (IDA & IBRD),,2006,72.49503326
Middle East & North Africa (IDA & IBRD),,2007,72.9098587
Middle East & North Africa (IDA & IBRD),,2008,73.51139832
Middle East & North Africa (IDA & IBRD),,2009,73.23497772
Middle East & North Africa (IDA & IBRD),,2010,74.06036377
Middle East & North Africa (IDA & IBRD),,2011,74.29205322
Middle East & North Africa (IDA & IBRD),,2012,77.31735229
Middle East & North Africa (IDA & IBRD),,2013,76.93566895
Middle East & North Africa (IDA & IBRD),,2014,78.60375977
Middle East & North Africa (IDA & IBRD),,2015,76.40354156
Middle East & North Africa (IDA & IBRD),,2016,77.60456848
Middle East & North Africa (IDA & IBRD),,2017,78.83197784
Middle East & North Africa (IDA & IBRD),,2018,75.72257996
Middle East & North Africa (IDA & IBRD),,2019,76.09990692
Middle East & North Africa (excluding high income),,1972,39.56261063
Middle East & North Africa (excluding high income),,1973,40.05121994
Middle East & North Africa (excluding high income),,1974,40.5451889
Middle East & North Africa (excluding high income),,1975,41.07806015
Middle East & North Africa (excluding high income),,1976,41.60084915
Middle East & North Africa (excluding high income),,1977,42.20365143
Middle East & North Africa (excluding high income),,1978,42.90200043
Middle East & North Africa (excluding high income),,1979,43.62285995
Middle East & North Africa (excluding high income),,1980,44.42913055
Middle East & North Africa (excluding high income),,1981,45.20996094
Middle East & North Africa (excluding high income),,1982,45.96849823
Middle East & North Africa (excluding high income),,1983,46.74425888
Middle East & North Africa (excluding high income),,1984,47.75870132
Middle East & North Africa (excluding high income),,1985,48.82197189
Middle East & North Africa (excluding high income),,1986,49.99570084
Middle East & North Africa (excluding high income),,1987,50.82788086
Middle East & North Africa (excluding high income),,1988,51.95006943
Middle East & North Africa (excluding high income),,1989,53.00482941
Middle East & North Africa (excluding high income),,1990,55.63357162
Middle East & North Africa (excluding high income),,1991,56.9440918
Middle East & North Africa (excluding high income),,1992,58.01356125
Middle East & North Africa (excluding high income),,1993,58.93799973
Middle East & North Africa (excluding high income),,1994,59.95621872
Middle East & North Africa (excluding high income),,1995,61.58005142
Middle East & North Africa (excluding high income),,1996,62.98683167
Middle East & North Africa (excluding high income),,1997,63.9375
Middle East & North Africa (excluding high income),,1998,65.12837982
Middle East & North Africa (excluding high income),,1999,66.22840118
Middle East & North Africa (excluding high income),,2000,67.2686615
Middle East & North Africa (excluding high income),,2001,68.42131042
Middle East & North Africa (excluding high income),,2002,68.73655701
Middle East & North Africa (excluding high income),,2003,72.39302063
Middle East & North Africa (excluding high income),,2004,73.29116821
Middle East & North Africa (excluding high income),,2005,72.70404816
Middle East & North Africa (excluding high income),,2006,72.69731903
Middle East & North Africa (excluding high income),,2007,73.11501312
Middle East & North Africa (excluding high income),,2008,73.71544647
Middle East & North Africa (excluding high income),,2009,73.45040894
Middle East & North Africa (excluding high income),,2010,74.27388
Middle East & North Africa (excluding high income),,2011,74.5091095
Middle East & North Africa (excluding high income),,2012,77.51190948
Middle East & North Africa (excluding high income),,2013,77.14050293
Middle East & North Africa (excluding high income),,2014,78.79463196
Middle East & North Africa (excluding high income),,2015,76.62332153
Middle East & North Africa (excluding high income),,2016,77.81655884
Middle East & North Africa (excluding high income),,2017,79.03476715
Middle East & North Africa (excluding high income),,2018,75.96434021
Middle East & North Africa (excluding high income),,2019,76.34240723
Middle income,,1975,60.17663956
Middle income,,1976,60.28115082
Middle income,,1977,60.57225037
Middle income,,1978,61.26729965
Middle income,,1979,61.93371964
Middle income,,1980,62.38053131
Middle income,,1981,63.1416893
Middle income,,1982,63.87482071
Middle income,,1983,64.64515686
Middle income,,1984,65.39988708
Middle income,,1985,66.08239746
Middle income,,1986,66.71289063
Middle income,,1987,67.50273895
Middle income,,1988,69.70355988
Middle income,,1989,70.29107666
Middle income,,1990,70.59494781
Middle income,,1991,71.36144257
Middle income,,1992,72.05007172
Middle income,,1993,72.63796997
Middle income,,1994,73.19616699
Middle income,,1995,73.75205231
Middle income,,1996,74.30339813
Middle income,,1997,76.99299622
Middle income,,1998,78.57224274
Middle income,,1999,78.98827362
Middle income,,2000,79.17662048
Middle income,,2001,79.56095123
Middle income,,2002,80.02049255
Middle income,,2003,80.70118713
Middle income,,2004,81.15908813
Middle income,,2005,81.16108704
Middle income,,2006,81.61647034
Middle income,,2007,81.94612885
Middle income,,2008,82.57232666
Middle income,,2009,82.96507263
Middle income,,2010,83.5306778
Middle income,,2011,83.69687653
Middle income,,2012,84.26535797
Middle income,,2013,84.4799881
Middle income,,2014,84.99931335
Middle income,,2015,85.21755219
Middle income,,2016,85.77729034
Middle income,,2017,86.05455017
Middle income,,2018,86.08866119
Middle income,,2019,86.39626312
Moldova,MDA,1989,96.37754822
Moldova,MDA,2000,96.65380096
Moldova,MDA,2004,98.35849762
Moldova,MDA,2007,98.62229156
Moldova,MDA,2009,99.06996155
Moldova,MDA,2010,99.0231781
Moldova,MDA,2012,99.13831329
Moldova,MDA,2014,99.3598938
Mongolia,MNG,2000,97.76885223
Mongolia,MNG,2010,98.25700378
Mongolia,MNG,2018,98.42311859
Montenegro,MNE,1981,89.63529968
Montenegro,MNE,1991,93.46273804
Montenegro,MNE,2003,97.77346039
Montenegro,MNE,2011,98.44220734
Montenegro,MNE,2018,98.84718323
Morocco,MAR,1982,30.25779915
Morocco,MAR,1994,41.59410858
Morocco,MAR,2004,52.30625916
Morocco,MAR,2008,55.1479187
Morocco,MAR,2009,56.08367157
Morocco,MAR,2011,67.08415985
Morocco,MAR,2012,69.42539215
Morocco,MAR,2018,73.75000763
Mozambique,MOZ,1980,26.99770927
Mozambique,MOZ,1997,38.70787811
Mozambique,MOZ,2003,48.15884018
Mozambique,MOZ,2009,50.5838089
Mozambique,MOZ,2015,56.03900146
Mozambique,MOZ,2017,60.65542984
Myanmar,MMR,1983,78.57041168
Myanmar,MMR,2000,89.9417572
Myanmar,MMR,2016,75.55120087
Namibia,NAM,1991,75.81658173
Namibia,NAM,2001,84.94425964
Namibia,NAM,2007,76.48658752
Namibia,NAM,2011,88.27462769
Namibia,NAM,2018,91.52726746
Nepal,NPL,1981,20.57366943
Nepal,NPL,1991,32.97558975
Nepal,NPL,2001,48.60897064
Nepal,NPL,2011,59.62725067
Nepal,NPL,2018,67.90843201
New Caledonia,NCL,1976,91.30036926
New Caledonia,NCL,1989,93.08062744
New Caledonia,NCL,1996,96.13791656
New Caledonia,NCL,2014,97.80000305
Nicaragua,NIC,2001,76.67713165
Nicaragua,NIC,2005,78.00298309
Nicaragua,NIC,2015,82.61454773
Niger,NER,2001,14.37604046
Niger,NER,2005,28.6724205
Niger,NER,2012,30.56039047
Niger,NER,2018,35.04999924
Nigeria,NGA,1991,55.44675064
Nigeria,NGA,2003,54.7731781
Nigeria,NGA,2006,70.198349
Nigeria,NGA,2008,51.07765961
Nigeria,NGA,2018,62.01601028
North Korea,PRK,2008,99.99819183
North Macedonia,MKD,1994,94.05874634
North Macedonia,MKD,2002,96.12892914
North Macedonia,MKD,2014,97.80000305
Oman,OMN,2003,81.36331177
Oman,OMN,2008,86.62113953
Oman,OMN,2010,86.93900299
Oman,OMN,2014,91.98120117
Oman,OMN,2015,93.03861237
Oman,OMN,2016,94.89998627
Oman,OMN,2017,95.5759964
Oman,OMN,2018,95.6515274
Other small states,,1983,71.82288361
Other small states,,1984,72.00213623
Other small states,,1985,72.17070007
Other small states,,1986,72.40117645
Other small states,,1987,72.77642059
Other small states,,1988,73.27100372
Other small states,,1989,73.7546463
Other small states,,1990,74.08085632
Other small states,,1991,74.5175705
Other small states,,1992,74.98155212
Other small states,,1993,75.56522369
Other small states,,1994,75.76487732
Other small states,,1995,76.17323303
Other small states,,1996,76.79699707
Other small states,,1997,77.35661316
Other small states,,1998,78.15994263
Other small states,,1999,78.70513153
Other small states,,2000,78.77767181
Other small states,,2001,79.47522736
Other small states,,2002,80.3061676
Other small states,,2003,81.00531769
Other small states,,2004,81.33009338
Other small states,,2005,81.95787811
Other small states,,2006,81.53321075
Other small states,,2007,80.54794312
Other small states,,2008,81.72634125
Other small states,,2009,81.08914948
Other small states,,2010,81.48590088
Other small states,,2011,82.19190979
Other small states,,2012,82.44003296
Other small states,,2013,82.88600159
Other small states,,2014,83.30425262
Other small states,,2015,84.69232178
Other small states,,2016,84.61511993
Other small states,,2017,84.82926178
Other small states,,2018,85.06986237
Other small states,,2019,85.36422729
Pacific island small states,,1990,86.96678162
Pacific island small states,,1991,86.99815369
Pacific island small states,,1992,87.2303009
Pacific island small states,,1993,87.46949005
Pacific island small states,,1994,87.71157837
Pacific island small states,,1995,87.95082855
Pacific island small states,,1996,88.12049866
Pacific island small states,,1997,88.38018799
Pacific island small states,,1998,88.59710693
Pacific island small states,,1999,88.8015213
Pacific island small states,,2000,88.98023987
Pacific island small states,,2001,89.16081238
Pacific island small states,,2002,89.33029175
Pacific island small states,,2003,89.47662354
Pacific island small states,,2004,89.63146973
Pacific island small states,,2005,89.76138306
Pacific island small states,,2006,89.87866974
Pacific island small states,,2007,90.0419693
Pacific island small states,,2008,90.21459198
Pacific island small states,,2009,90.38349152
Pacific island small states,,2010,90.56085968
Pacific island small states,,2011,90.68676758
Pacific island small states,,2012,90.79221344
Pacific island small states,,2013,90.8894577
Pacific island small states,,2014,90.94667816
Pacific island small states,,2015,91.01599121
Pacific island small states,,2016,91.14510345
Pacific island small states,,2017,91.27796936
Pacific island small states,,2018,91.29380798
Pakistan,PAK,1981,25.72518921
Pakistan,PAK,1998,42.6993103
Pakistan,PAK,2005,49.87363815
Pakistan,PAK,2006,54.15121078
Pakistan,PAK,2007,52.13682938
Pakistan,PAK,2008,55.526371
Pakistan,PAK,2009,54.89263916
Pakistan,PAK,2010,55.37519073
Pakistan,PAK,2011,54.73802185
Pakistan,PAK,2012,56.76433945
Pakistan,PAK,2013,55.59498978
Pakistan,PAK,2014,56.97714996
Pakistan,PAK,2017,59.13204956
Palau,PLW,1980,91.92141724
Palau,PLW,2013,99.50312805
Palau,PLW,2015,96.59374237
Palestine,PSE,1997,86.0628891
Palestine,PSE,2004,92.27996826
Palestine,PSE,2006,93.45001221
Palestine,PSE,2007,93.88214111
Palestine,PSE,2008,94.05867767
Palestine,PSE,2009,94.59916687
Palestine,PSE,2010,94.93200684
Palestine,PSE,2011,95.26724243
Palestine,PSE,2012,95.90621948
Palestine,PSE,2013,96.28489685
Palestine,PSE,2014,96.4283905
Palestine,PSE,2015,96.69072723
Palestine,PSE,2016,96.93022919
Palestine,PSE,2018,97.21861267
Panama,PAN,1980,88.0717392
Panama,PAN,1990,88.77986145
Panama,PAN,2000,91.89962006
Panama,PAN,2010,94.09411621
Panama,PAN,2018,95.41181183
Papua New Guinea,PNG,2000,57.34326172
Papua New Guinea,PNG,2010,61.59999847
Paraguay,PRY,1982,78.45861053
Paraguay,PRY,1992,90.27182007
Paraguay,PRY,2002,92.80960846
Paraguay,PRY,2007,94.55821991
Paraguay,PRY,2008,93.29208374
Paraguay,PRY,2009,93.75424194
Paraguay,PRY,2010,93.87091827
Paraguay,PRY,2012,94.19747162
Paraguay,PRY,2013,95.05903625
Paraguay,PRY,2014,95.03481293
Paraguay,PRY,2015,95.55484009
Paraguay,PRY,2016,94.65023804
Paraguay,PRY,2018,94.02079773
Peru,PER,1981,81.91845703
Peru,PER,1993,87.15062714
Peru,PER,2004,87.66985321
Peru,PER,2005,87.90866852
Peru,PER,2006,88.69934082
Peru,PER,2007,89.59081268
Peru,PER,2012,93.84172821
Peru,PER,2014,93.70794678
Peru,PER,2015,94.16233826
Peru,PER,2016,94.17366791
Peru,PER,2017,94.14961243
Peru,PER,2018,94.40827179
Philippines,PHL,1980,83.31723022
Philippines,PHL,1990,93.57389832
Philippines,PHL,1994,93.91596985
Philippines,PHL,2000,92.60005951
Philippines,PHL,2003,92.59069061
Philippines,PHL,2008,95.42009735
Philippines,PHL,2013,96.39800262
Philippines,PHL,2015,98.18254852
Poland,POL,1978,98.74273682
Poland,POL,1988,98.74273682
Poland,POL,1998,98.74273682
Poland,POL,2008,98.74273682
Portugal,PRT,1981,79.43560791
Portugal,PRT,1991,87.94785309
Portugal,PRT,2001,90.43975067
Portugal,PRT,2011,94.47705078
Portugal,PRT,2018,96.1375885
Pre-demographic dividend,,1986,48.09107971
Pre-demographic dividend,,1987,48.85694885
Pre-demographic dividend,,1988,49.43375015
Pre-demographic dividend,,1989,50.19910812
Pre-demographic dividend,,1990,50.84357071
Pre-demographic dividend,,1991,51.36339188
Pre-demographic dividend,,1992,51.70389938
Pre-demographic dividend,,1993,52.27743149
Pre-demographic dividend,,1994,52.86940002
Pre-demographic dividend,,1995,53.2431488
Pre-demographic dividend,,1996,53.93572998
Pre-demographic dividend,,1997,54.88716125
Pre-demographic dividend,,1998,55.55932999
Pre-demographic dividend,,1999,56.4571991
Pre-demographic dividend,,2000,54.76243973
Pre-demographic dividend,,2001,55.77254868
Pre-demographic dividend,,2002,56.35071945
Pre-demographic dividend,,2003,56.74930954
Pre-demographic dividend,,2004,57.68169022
Pre-demographic dividend,,2005,57.17171097
Pre-demographic dividend,,2006,58.5146904
Pre-demographic dividend,,2007,54.71630859
Pre-demographic dividend,,2008,54.66102982
Pre-demographic dividend,,2009,53.95864105
Pre-demographic dividend,,2010,54.58861923
Pre-demographic dividend,,2011,56.30136108
Pre-demographic dividend,,2012,58.8340683
Pre-demographic dividend,,2013,59.53052902
Pre-demographic dividend,,2014,60.59999847
Pre-demographic dividend,,2015,59.66225052
Pre-demographic dividend,,2016,61.96347046
Pre-demographic dividend,,2017,62.92971039
Pre-demographic dividend,,2018,62.00146866
Pre-demographic dividend,,2019,62.55918121
Puerto Rico,PRI,1980,86.74606323
Puerto Rico,PRI,1990,89.62249756
Puerto Rico,PRI,2010,91.96523285
Puerto Rico,PRI,2017,92.38999939
Qatar,QAT,1986,75.63504028
Qatar,QAT,1997,83.26216125
Qatar,QAT,2004,86.73161316
Qatar,QAT,2007,90.06062317
Qatar,QAT,2008,91.01075745
Qatar,QAT,2009,91.15142059
Qatar,QAT,2010,91.77884674
Qatar,QAT,2011,91.36408234
Qatar,QAT,2012,90.1700592
Qatar,QAT,2013,90.63298798
Qatar,QAT,2014,91.3272171
Qatar,QAT,2016,93.14530182
Qatar,QAT,2017,93.46396637
Romania,ROU,1992,96.7099762
Romania,ROU,2002,97.29759216
Romania,ROU,2011,98.60428619
Romania,ROU,2018,98.84449768
Russia,RUS,1989,97.98605347
Russia,RUS,2002,99.44097137
Russia,RUS,2010,99.68427277
Russia,RUS,2018,99.73005676
Rwanda,RWA,1978,38.24343109
Rwanda,RWA,1991,57.85348892
Rwanda,RWA,2000,64.88860321
Rwanda,RWA,2010,65.85227203
Rwanda,RWA,2012,68.3310318
Rwanda,RWA,2014,70.80413055
Rwanda,RWA,2018,73.21559143
Saint Vincent and the Grenadines,VCT,1970,95.63215637
Samoa,WSM,1991,97.94432831
Samoa,WSM,2011,98.97325897
Samoa,WSM,2018,99.09577179
San Marino,SMR,2018,99.91642761
Sao Tome and Principe,STP,1981,57.32426071
Sao Tome and Principe,STP,1991,73.24241638
Sao Tome and Principe,STP,2001,84.9085083
Sao Tome and Principe,STP,2008,69.53639221
Sao Tome and Principe,STP,2012,90.14309692
Sao Tome and Principe,STP,2018,92.81664276
Saudi Arabia,SAU,1992,70.82164764
Saudi Arabia,SAU,2000,79.35093689
Saudi Arabia,SAU,2004,82.85774231
Saudi Arabia,SAU,2013,94.4263382
Saudi Arabia,SAU,2017,95.32862854
Senegal,SEN,1988,26.86885071
Senegal,SEN,2002,39.27524948
Senegal,SEN,2006,41.89115143
Senegal,SEN,2009,48.03678131
Senegal,SEN,2011,51.81454849
Senegal,SEN,2013,43.53450012
Senegal,SEN,2017,51.90042114
Serbia,SRB,2003,96.39723969
Serbia,SRB,2011,97.96240997
Serbia,SRB,2016,98.84150696
Seychelles,SYC,1987,84.22921753
Seychelles,SYC,1994,87.8111496
Seychelles,SYC,2002,91.8364563
Seychelles,SYC,2010,93.95423126
Seychelles,SYC,2018,95.8677063
Sierra Leone,SLE,2004,34.82678986
Sierra Leone,SLE,2013,32.42617035
Sierra Leone,SLE,2018,43.20632935
Singapore,SGP,1980,82.90605164
Singapore,SGP,1990,89.09600067
Singapore,SGP,2000,92.54940033
Singapore,SGP,2010,95.85733032
Singapore,SGP,2011,96.18604279
Singapore,SGP,2012,96.36978912
Singapore,SGP,2013,96.54801941
Singapore,SGP,2014,96.71669006
Singapore,SGP,2015,96.82549286
Singapore,SGP,2016,97.04956055
Singapore,SGP,2017,97.2022171
Singapore,SGP,2018,97.34485626
Slovenia,SVN,1991,99.52452087
Slovenia,SVN,2004,99.69999695
Slovenia,SVN,2014,99.69999695
Small states,,1986,76.87106323
Small states,,1987,77.09758759
Small states,,1988,77.40608978
Small states,,1989,77.71183777
Small states,,1990,77.93048096
Small states,,1991,78.21692657
Small states,,1992,78.54537964
Small states,,1993,78.96099854
Small states,,1994,79.11282349
Small states,,1995,79.46135712
Small states,,1996,79.95168304
Small states,,1997,80.40125275
Small states,,1998,81.04541779
Small states,,1999,81.34552002
Small states,,2000,81.58441925
Small states,,2001,82.13945007
Small states,,2002,82.78546906
Small states,,2003,83.3348465
Small states,,2004,83.61815643
Small states,,2005,84.11855316
Small states,,2006,83.83615112
Small states,,2007,83.23432159
Small states,,2008,84.1132431
Small states,,2009,83.67304993
Small states,,2010,83.99236298
Small states,,2011,84.53431702
Small states,,2012,84.7060318
Small states,,2013,85.03681946
Small states,,2014,85.36804199
Small states,,2015,86.4052124
Small states,,2016,86.35237122
Small states,,2017,86.51476288
Small states,,2018,86.69132233
Small states,,2019,86.90550232
Solomon Islands,SLB,1999,76.59999847
Solomon Islands,SLB,2009,76.59999847
Somalia,SOM,1972,5.404650211
South Africa,ZAF,1980,76.20049286
South Africa,ZAF,1996,82.40209961
South Africa,ZAF,2007,88.71724701
South Africa,ZAF,2009,92.89485931
South Africa,ZAF,2010,92.87731934
South Africa,ZAF,2011,93.10214233
South Africa,ZAF,2012,93.7294693
South Africa,ZAF,2014,94.13990021
South Africa,ZAF,2015,94.36791992
South Africa,ZAF,2017,87.04666901
South Asia,,1975,36.24779129
South Asia,,1976,36.26089859
South Asia,,1977,36.91609955
South Asia,,1978,37.56235886
South Asia,,1979,38.18989944
South Asia,,1980,38.80672073
South Asia,,1981,38.80397034
South Asia,,1982,40.03179169
South Asia,,1983,40.67823029
South Asia,,1984,41.32398987
South Asia,,1985,41.97127151
South Asia,,1986,42.61491013
South Asia,,1987,43.26182938
South Asia,,1988,43.99892044
South Asia,,1989,44.74946976
South Asia,,1990,45.47370911
South Asia,,1991,45.8564415
South Asia,,1992,47.14770889
South Asia,,1993,48.12348938
South Asia,,1994,48.89509964
South Asia,,1995,49.6832695
South Asia,,1996,50.48078918
South Asia,,1997,51.28226852
South Asia,,1998,56.16218185
South Asia,,1999,56.91616821
South Asia,,2000,57.68935013
South Asia,,2001,58.13003922
South Asia,,2002,59.21207809
South Asia,,2003,60.10100174
South Asia,,2004,60.87245178
South Asia,,2005,60.64292908
South Asia,,2006,60.81311035
South Asia,,2007,61.71448135
South Asia,,2008,63.63835144
South Asia,,2009,64.33769226
South Asia,,2010,66.01901245
South Asia,,2011,66.51319122
South Asia,,2012,67.26777649
South Asia,,2013,68.0131073
South Asia,,2014,68.73478699
South Asia,,2015,69.65734863
South Asia,,2016,70.9991684
South Asia,,2017,71.69515228
South Asia,,2018,72.24388123
South Asia,,2019,72.95144653
South Asia (IDA & IBRD),,1975,36.24779129
South Asia (IDA & IBRD),,1976,36.26089859
South Asia (IDA & IBRD),,1977,36.91609955
South Asia (IDA & IBRD),,1978,37.56235886
South Asia (IDA & IBRD),,1979,38.18989944
South Asia (IDA & IBRD),,1980,38.80672073
South Asia (IDA & IBRD),,1981,38.80397034
South Asia (IDA & IBRD),,1982,40.03179169
South Asia (IDA & IBRD),,1983,40.67823029
South Asia (IDA & IBRD),,1984,41.32398987
South Asia (IDA & IBRD),,1985,41.97127151
South Asia (IDA & IBRD),,1986,42.61491013
South Asia (IDA & IBRD),,1987,43.26182938
South Asia (IDA & IBRD),,1988,43.99892044
South Asia (IDA & IBRD),,1989,44.74946976
South Asia (IDA & IBRD),,1990,45.47370911
South Asia (IDA & IBRD),,1991,45.8564415
South Asia (IDA & IBRD),,1992,47.14770889
South Asia (IDA & IBRD),,1993,48.12348938
South Asia (IDA & IBRD),,1994,48.89509964
South Asia (IDA & IBRD),,1995,49.6832695
South Asia (IDA & IBRD),,1996,50.48078918
South Asia (IDA & IBRD),,1997,51.28226852
South Asia (IDA & IBRD),,1998,56.16218185
South Asia (IDA & IBRD),,1999,56.91616821
South Asia (IDA & IBRD),,2000,57.68935013
South Asia (IDA & IBRD),,2001,58.13003922
South Asia (IDA & IBRD),,2002,59.21207809
South Asia (IDA & IBRD),,2003,60.10100174
South Asia (IDA & IBRD),,2004,60.87245178
South Asia (IDA & IBRD),,2005,60.64292908
South Asia (IDA & IBRD),,2006,60.81311035
South Asia (IDA & IBRD),,2007,61.71448135
South Asia (IDA & IBRD),,2008,63.63835144
South Asia (IDA & IBRD),,2009,64.33769226
South Asia (IDA & IBRD),,2010,66.01901245
South Asia (IDA & IBRD),,2011,66.51319122
South Asia (IDA & IBRD),,2012,67.26777649
South Asia (IDA & IBRD),,2013,68.0131073
South Asia (IDA & IBRD),,2014,68.73478699
South Asia (IDA & IBRD),,2015,69.65734863
South Asia (IDA & IBRD),,2016,70.9991684
South Asia (IDA & IBRD),,2017,71.69515228
South Asia (IDA & IBRD),,2018,72.24388123
South Asia (IDA & IBRD),,2019,72.95144653
South Korea,KOR,2008,97.96594238
South Sudan,SSD,2008,26.83127975
South Sudan,SSD,2018,34.52275848
Spain,ESP,1981,92.80976868
Spain,ESP,1991,96.49497223
Spain,ESP,2004,97.16512299
Spain,ESP,2005,97.75068665
Spain,ESP,2006,97.75213623
Spain,ESP,2007,97.93884277
Spain,ESP,2008,97.6306076
Spain,ESP,2009,97.67926788
Spain,ESP,2010,97.74890137
Spain,ESP,2011,97.78375244
Spain,ESP,2012,97.89453888
Spain,ESP,2013,98.07913208
Spain,ESP,2014,98.09371948
Spain,ESP,2015,98.14325714
Spain,ESP,2016,98.25051117
Spain,ESP,2018,98.43650055
Sri Lanka,LKA,1981,86.77792358
Sri Lanka,LKA,2001,90.68274689
Sri Lanka,LKA,2006,90.80883026
Sri Lanka,LKA,2008,90.55795288
Sri Lanka,LKA,2010,91.18135834
Sri Lanka,LKA,2016,92.38690186
Sri Lanka,LKA,2017,91.89575195
Sri Lanka,LKA,2018,91.70982361
Sub-Saharan Africa,,1985,49.05025101
Sub-Saharan Africa,,1986,49.40729904
Sub-Saharan Africa,,1987,50.05838013
Sub-Saharan Africa,,1988,50.55997086
Sub-Saharan Africa,,1989,51.17430115
Sub-Saharan Africa,,1990,51.84978867
Sub-Saharan Africa,,1991,52.25027847
Sub-Saharan Africa,,1992,52.72233963
Sub-Saharan Africa,,1993,53.31019974
Sub-Saharan Africa,,1994,54.05651093
Sub-Saharan Africa,,1995,54.3514595
Sub-Saharan Africa,,1996,55.02878189
Sub-Saharan Africa,,1997,55.88912964
Sub-Saharan Africa,,1998,56.53495026
Sub-Saharan Africa,,1999,57.35187912
Sub-Saharan Africa,,2000,55.98175812
Sub-Saharan Africa,,2001,56.96620178
Sub-Saharan Africa,,2002,57.46339035
Sub-Saharan Africa,,2003,57.90784836
Sub-Saharan Africa,,2004,59.50366974
Sub-Saharan Africa,,2005,58.524189
Sub-Saharan Africa,,2006,59.76356888
Sub-Saharan Africa,,2007,57.28401184
Sub-Saharan Africa,,2008,57.37395096
Sub-Saharan Africa,,2009,58.17715073
Sub-Saharan Africa,,2010,58.73373032
Sub-Saharan Africa,,2011,60.3055191
Sub-Saharan Africa,,2012,61.43904877
Sub-Saharan Africa,,2013,62.30361176
Sub-Saharan Africa,,2014,62.95409012
Sub-Saharan Africa,,2015,63.54935837
Sub-Saharan Africa,,2016,64.25765991
Sub-Saharan Africa,,2017,64.51748657
Sub-Saharan Africa,,2018,65.03897858
Sub-Saharan Africa,,2019,65.46861267
Sub-Saharan Africa (IDA & IBRD),,1985,49.05025101
Sub-Saharan Africa (IDA & IBRD),,1986,49.40729904
Sub-Saharan Africa (IDA & IBRD),,1987,50.05838013
Sub-Saharan Africa (IDA & IBRD),,1988,50.55997086
Sub-Saharan Africa (IDA & IBRD),,1989,51.17430115
Sub-Saharan Africa (IDA & IBRD),,1990,51.84978867
Sub-Saharan Africa (IDA & IBRD),,1991,52.25027847
Sub-Saharan Africa (IDA & IBRD),,1992,52.72233963
Sub-Saharan Africa (IDA & IBRD),,1993,53.31019974
Sub-Saharan Africa (IDA & IBRD),,1994,54.05651093
Sub-Saharan Africa (IDA & IBRD),,1995,54.3514595
Sub-Saharan Africa (IDA & IBRD),,1996,55.02878189
Sub-Saharan Africa (IDA & IBRD),,1997,55.88912964
Sub-Saharan Africa (IDA & IBRD),,1998,56.53495026
Sub-Saharan Africa (IDA & IBRD),,1999,57.35187912
Sub-Saharan Africa (IDA & IBRD),,2000,55.98175812
Sub-Saharan Africa (IDA & IBRD),,2001,56.96620178
Sub-Saharan Africa (IDA & IBRD),,2002,57.46339035
Sub-Saharan Africa (IDA & IBRD),,2003,57.90784836
Sub-Saharan Africa (IDA & IBRD),,2004,59.50366974
Sub-Saharan Africa (IDA & IBRD),,2005,58.524189
Sub-Saharan Africa (IDA & IBRD),,2006,59.76356888
Sub-Saharan Africa (IDA & IBRD),,2007,57.28401184
Sub-Saharan Africa (IDA & IBRD),,2008,57.37395096
Sub-Saharan Africa (IDA & IBRD),,2009,58.17715073
Sub-Saharan Africa (IDA & IBRD),,2010,58.73373032
Sub-Saharan Africa (IDA & IBRD),,2011,60.3055191
Sub-Saharan Africa (IDA & IBRD),,2012,61.43904877
Sub-Saharan Africa (IDA & IBRD),,2013,62.30361176
Sub-Saharan Africa (IDA & IBRD),,2014,62.95409012
Sub-Saharan Africa (IDA & IBRD),,2015,63.54935837
Sub-Saharan Africa (IDA & IBRD),,2016,64.25765991
Sub-Saharan Africa (IDA & IBRD),,2017,64.51748657
Sub-Saharan Africa (IDA & IBRD),,2018,65.03897858
Sub-Saharan Africa (IDA & IBRD),,2019,65.46861267
Sub-Saharan Africa (excluding high income),,1985,48.96166992
Sub-Saharan Africa (excluding high income),,1986,49.31903076
Sub-Saharan Africa (excluding high income),,1987,49.97158051
Sub-Saharan Africa (excluding high income),,1988,50.47425842
Sub-Saharan Africa (excluding high income),,1989,51.0901413
Sub-Saharan Africa (excluding high income),,1990,51.76823044
Sub-Saharan Africa (excluding high income),,1991,52.16839981
Sub-Saharan Africa (excluding high income),,1992,52.6414299
Sub-Saharan Africa (excluding high income),,1993,53.23067093
Sub-Saharan Africa (excluding high income),,1994,53.97893143
Sub-Saharan Africa (excluding high income),,1995,54.27444077
Sub-Saharan Africa (excluding high income),,1996,54.95352173
Sub-Saharan Africa (excluding high income),,1997,55.81616974
Sub-Saharan Africa (excluding high income),,1998,56.46335983
Sub-Saharan Africa (excluding high income),,1999,57.28224182
Sub-Saharan Africa (excluding high income),,2000,55.90880966
Sub-Saharan Africa (excluding high income),,2001,56.89545059
Sub-Saharan Africa (excluding high income),,2002,57.39414978
Sub-Saharan Africa (excluding high income),,2003,57.84003067
Sub-Saharan Africa (excluding high income),,2004,59.44001007
Sub-Saharan Africa (excluding high income),,2005,58.45846939
Sub-Saharan Africa (excluding high income),,2006,59.70100021
Sub-Saharan Africa (excluding high income),,2007,57.21604919
Sub-Saharan Africa (excluding high income),,2008,57.30437851
Sub-Saharan Africa (excluding high income),,2009,58.10976028
Sub-Saharan Africa (excluding high income),,2010,58.66814041
Sub-Saharan Africa (excluding high income),,2011,60.24391174
Sub-Saharan Africa (excluding high income),,2012,61.37615967
Sub-Saharan Africa (excluding high income),,2013,62.24433899
Sub-Saharan Africa (excluding high income),,2014,62.89559174
Sub-Saharan Africa (excluding high income),,2015,63.49285889
Sub-Saharan Africa (excluding high income),,2016,64.20291138
Sub-Saharan Africa (excluding high income),,2017,64.46804047
Sub-Saharan Africa (excluding high income),,2018,64.99101257
Sub-Saharan Africa (excluding high income),,2019,65.42196655
Sudan,SDN,2000,61.34587097
Sudan,SDN,2008,53.51737976
Sudan,SDN,2018,60.6971817
Suriname,SUR,2004,89.59806061
Suriname,SUR,2008,94.62094116
Suriname,SUR,2010,94.67575073
Suriname,SUR,2012,92.86865997
Suriname,SUR,2018,94.38327026
Syria,SYR,1981,55.65449905
Syria,SYR,2002,82.88825226
Syria,SYR,2004,80.84452057
Tajikistan,TJK,1989,97.69402313
Tajikistan,TJK,2000,99.45068359
Tajikistan,TJK,2014,99.80000305
Tanzania,TZA,1988,59.11380005
Tanzania,TZA,2002,69.43090057
Tanzania,TZA,2010,67.80069733
Tanzania,TZA,2012,78.10059357
Tanzania,TZA,2015,77.88722992
Thailand,THA,1980,87.98175812
Thailand,THA,2000,92.64653778
Thailand,THA,2005,93.50646973
Thailand,THA,2010,96.4309082
Thailand,THA,2013,93.70207214
Thailand,THA,2015,92.86830902
Thailand,THA,2018,93.76776123
Timor,TLS,2001,37.59999847
Timor,TLS,2007,50.59999847
Timor,TLS,2010,58.30897903
Timor,TLS,2018,68.0668335
Togo,TGO,2000,53.17760086
Togo,TGO,2006,56.88837051
Togo,TGO,2009,57.09337997
Togo,TGO,2011,60.40993881
Togo,TGO,2015,63.74562073
Tonga,TON,1976,99.59246063
Tonga,TON,1996,98.90537262
Tonga,TON,2006,99.01846313
Tonga,TON,2011,99.38552856
Tonga,TON,2018,99.41436768
Trinidad and Tobago,TTO,1980,94.97032166
Trinidad and Tobago,TTO,1990,96.93855286
Trinidad and Tobago,TTO,2000,97.90000153
Trinidad and Tobago,TTO,2010,98.69999695
Tunisia,TUN,1984,48.19070053
Tunisia,TUN,2004,74.29699707
Tunisia,TUN,2007,77.19039917
Tunisia,TUN,2008,77.7146225
Tunisia,TUN,2010,79.13057709
Tunisia,TUN,2011,79.65390778
Tunisia,TUN,2012,80.21875
Tunisia,TUN,2014,79.03643036
Turkey,TUR,1975,61.62768173
Turkey,TUR,1980,65.69434357
Turkey,TUR,1985,75.96823883
Turkey,TUR,1990,79.23245239
Turkey,TUR,2004,87.36549377
Turkey,TUR,2005,88.22905731
Turkey,TUR,2006,88.1193924
Turkey,TUR,2007,88.65589905
Turkey,TUR,2009,90.81671906
Turkey,TUR,2010,92.66059875
Turkey,TUR,2011,94.10608673
Turkey,TUR,2012,94.9197464
Turkey,TUR,2013,95.25666046
Turkey,TUR,2014,95.4396286
Turkey,TUR,2015,95.60141754
Turkey,TUR,2016,96.16732788
Turkey,TUR,2017,96.15052795
Turkmenistan,TKM,1995,98.77832031
Turkmenistan,TKM,2014,99.69999695
Uganda,UGA,1991,56.10737991
Uganda,UGA,2002,68.14250946
Uganda,UGA,2006,71.37313843
Uganda,UGA,2010,73.21188354
Uganda,UGA,2012,70.1982193
Uganda,UGA,2018,76.52749634
Ukraine,UKR,2001,99.43041229
Ukraine,UKR,2012,99.97434998
United Arab Emirates,ARE,1975,53.51488113
United Arab Emirates,ARE,1985,71.23529816
United Arab Emirates,ARE,2005,90.03385162
United Arab Emirates,ARE,2015,93.22714233
Upper middle income,,1976,69.2148819
Upper middle income,,1977,69.38352966
Upper middle income,,1978,70.22801971
Upper middle income,,1979,71.04250336
Upper middle income,,1980,71.47511292
Upper middle income,,1981,72.68360138
Upper middle income,,1982,73.31934357
Upper middle income,,1983,74.31526947
Upper middle income,,1984,75.22197723
Upper middle income,,1985,76.00666809
Upper middle income,,1986,76.74442291
Upper middle income,,1987,77.5530777
Upper middle income,,1988,80.87029266
Upper middle income,,1989,81.44326782
Upper middle income,,1990,81.57375336
Upper middle income,,1991,82.63585663
Upper middle income,,1992,83.18015289
Upper middle income,,1993,83.71356964
Upper middle income,,1994,84.22170258
Upper middle income,,1995,84.77519989
Upper middle income,,1996,85.24133301
Upper middle income,,1997,89.52469635
Upper middle income,,1998,89.92115784
Upper middle income,,1999,90.26804352
Upper middle income,,2000,90.58653259
Upper middle income,,2001,90.97035217
Upper middle income,,2002,91.19953918
Upper middle income,,2003,91.73465729
Upper middle income,,2004,92.01931763
Upper middle income,,2005,92.38861084
Upper middle income,,2006,92.65444946
Upper middle income,,2007,93.50337219
Upper middle income,,2008,93.73737335
Upper middle income,,2009,94.00576019
Upper middle income,,2010,94.1479187
Upper middle income,,2011,94.37332916
Upper middle income,,2012,94.78501129
Upper middle income,,2013,94.84181976
Upper middle income,,2014,95.25861359
Upper middle income,,2015,95.099617
Upper middle income,,2016,95.62375641
Upper middle income,,2017,95.67085266
Upper middle income,,2018,95.45144653
Upper middle income,,2019,95.64833832
Uruguay,URY,1975,93.86106873
Uruguay,URY,1985,95.37998199
Uruguay,URY,1996,96.78180695
Uruguay,URY,2006,97.78962708
Uruguay,URY,2007,97.8638916
Uruguay,URY,2008,98.16355896
Uruguay,URY,2009,98.26722717
Uruguay,URY,2010,98.07270813
Uruguay,URY,2011,98.33589935
Uruguay,URY,2012,98.39594269
Uruguay,URY,2013,98.36386871
Uruguay,URY,2014,98.43592834
Uruguay,URY,2015,98.52387238
Uruguay,URY,2016,98.56147003
Uruguay,URY,2017,98.61572266
Uruguay,URY,2018,98.70385742
Uzbekistan,UZB,2000,98.64257813
Uzbekistan,UZB,2013,99.99485779
Uzbekistan,UZB,2014,99.98055267
Uzbekistan,UZB,2015,99.98383331
Uzbekistan,UZB,2016,99.98657227
Uzbekistan,UZB,2018,99.9928894
Vanuatu,VUT,1979,52.87392044
Vanuatu,VUT,1984,58.20000076
Vanuatu,VUT,1994,68.69999695
Vanuatu,VUT,1999,74
Vanuatu,VUT,2004,78.40000153
Vanuatu,VUT,2014,84.69999695
Vanuatu,VUT,2018,87.50630951
Venezuela,VEN,1981,84.73220062
Venezuela,VEN,1990,89.82524872
Venezuela,VEN,2001,92.97982788
Venezuela,VEN,2007,95.1546402
Venezuela,VEN,2009,95.51199341
Venezuela,VEN,2011,94.7702179
Venezuela,VEN,2015,96.60521698
Venezuela,VEN,2016,97.12709045
Vietnam,VNM,1979,83.82594299
Vietnam,VNM,1989,87.59645081
Vietnam,VNM,1999,90.27829742
Vietnam,VNM,2000,90.15612793
Vietnam,VNM,2009,93.52044678
Vietnam,VNM,2018,95.00038147
World,OWID_WRL,1976,66.91512299
World,OWID_WRL,1977,67.10687256
World,OWID_WRL,1978,67.58017731
World,OWID_WRL,1979,68.03115845
World,OWID_WRL,1980,68.31707001
World,OWID_WRL,1981,68.87568665
World,OWID_WRL,1982,69.38105011
World,OWID_WRL,1983,69.92421722
World,OWID_WRL,1984,70.45529175
World,OWID_WRL,1985,70.93419647
World,OWID_WRL,1986,71.37555695
World,OWID_WRL,1987,71.96198273
World,OWID_WRL,1988,73.66123199
World,OWID_WRL,1989,74.09586334
World,OWID_WRL,1990,74.31614685
World,OWID_WRL,1991,74.87671661
World,OWID_WRL,1992,75.32282257
World,OWID_WRL,1993,75.75018311
World,OWID_WRL,1994,76.17237091
World,OWID_WRL,1995,76.58119202
World,OWID_WRL,1996,76.99568939
World,OWID_WRL,1997,79.02835083
World,OWID_WRL,1998,80.20594788
World,OWID_WRL,1999,80.549263
World,OWID_WRL,2000,80.6754303
World,OWID_WRL,2001,80.99337006
World,OWID_WRL,2002,81.39530945
World,OWID_WRL,2003,81.92431641
World,OWID_WRL,2004,82.34432983
World,OWID_WRL,2005,82.26029968
World,OWID_WRL,2006,82.52599335
World,OWID_WRL,2007,82.8167572
World,OWID_WRL,2008,83.33973694
World,OWID_WRL,2009,83.62332916
World,OWID_WRL,2010,84.02162933
World,OWID_WRL,2011,84.2837677
World,OWID_WRL,2012,84.72968292
World,OWID_WRL,2013,84.93171692
World,OWID_WRL,2014,85.36060333
World,OWID_WRL,2015,85.54232025
World,OWID_WRL,2016,85.98551178
World,OWID_WRL,2017,86.22016144
World,OWID_WRL,2018,86.24694061
World,OWID_WRL,2019,86.478302
Yemen,YEM,1994,37.09000015
Yemen,YEM,2004,54.09999847
Zambia,ZMB,1990,64.99828339
Zambia,ZMB,1999,68.00179291
Zambia,ZMB,2002,69.14922333
Zambia,ZMB,2007,61.12709045
Zambia,ZMB,2010,83.00766754
Zambia,ZMB,2018,86.74796295
Zimbabwe,ZWE,1982,77.79416656
Zimbabwe,ZWE,1992,83.51258087
Zimbabwe,ZWE,2011,83.58271027
Zimbabwe,ZWE,2014,88.69342041
